Member_number,Recency,Frequency,Monetary
2433,3,31,375.31
2193,91,27,361.45
1793,26,25,345.1
3289,4,29,334.15
2743,142,17,312.46
2811,310,20,305.72
2990,140,24,303.61
3872,37,30,301.33
4753,52,23,301.1
2993,239,15,296.96
4509,31,20,290.74
4102,57,19,289.4
4437,31,23,285.6
2051,46,33,284.9
1715,179,17,284.89
1169,380,21,284.8
1265,88,25,279.99
4494,58,21,277.9
2851,105,29,277.4
2210,96,19,277.35
4679,50,22,277.18
1052,64,27,271.9
3245,22,18,271.8
3593,57,23,268.8
1098,48,24,267.62
2736,4,23,267.4
2001,112,20,267.32
4293,91,22,265.7
4831,47,28,263.65
4628,20,20,262.4
1407,154,23,261.55
4624,33,22,260.94
2706,88,23,260.9
2022,161,23,260.7
1870,112,25,257.54
2517,18,27,256.25
3014,49,17,256.0
2632,98,24,254.8
4302,55,20,254.7
4137,4,26,254.04
3657,92,20,253.55
1905,73,26,253.51
4078,46,16,253.12
2918,19,21,252.6
3180,72,36,251.45
4875,65,29,249.6
3251,4,21,248.12
3957,229,24,248.11
1654,51,23,247.84
4683,98,21,247.8
4303,5,25,245.36
3761,95,21,245.1
1866,52,18,244.5
3543,80,22,244.34
4272,207,27,244.0
3120,7,24,243.5
2625,42,31,243.06
2960,11,26,242.84
4836,47,19,242.0
2184,23,24,241.86
2271,40,31,241.8
2443,45,21,241.7
4280,24,15,241.6
3361,161,22,240.5
1889,124,18,240.15
3768,84,16,239.91
4338,80,28,239.75
4234,150,20,237.4
2772,26,16,237.2
2794,92,18,236.4
2729,97,18,236.3
4328,123,12,236.0
2524,25,28,235.45
1353,324,21,235.4
4434,100,15,235.11
1565,16,19,234.79
3048,20,19,234.0
3918,191,13,232.92
1787,60,13,232.7
4389,13,17,231.44
2344,13,25,230.0
3737,18,33,229.58
2870,66,13,228.6
3635,17,21,228.33
1761,89,18,228.22
3691,128,23,227.36
3221,184,23,227.2
1862,116,15,225.65
4695,78,26,225.41
1065,47,14,225.4
1366,31,25,224.1
2070,11,24,223.85
2779,3,22,223.55
3531,123,17,223.5
3465,59,22,223.34
2440,194,25,223.29
3050,15,33,222.7
2270,91,22,222.4
1175,183,19,222.36
3752,131,27,222.36
2138,301,18,221.86
3535,120,15,221.5
3822,96,19,221.47
3246,125,22,221.4
2394,38,29,221.0
3879,27,18,220.45
1651,13,16,220.35
1259,33,14,220.04
2738,51,21,220.0
1949,161,15,219.8
1090,70,12,219.2
1677,21,11,219.0
1379,170,28,217.85
3495,42,22,217.85
4417,226,15,217.2
1522,371,19,216.19
2855,52,23,215.0
3776,165,17,214.9
1038,16,19,214.2
3830,73,23,214.05
3651,75,21,213.56
4636,264,17,213.55
1466,29,23,213.4
4243,130,16,213.34
2758,41,20,212.9
3201,33,17,212.4
3960,70,23,211.9
4235,11,19,211.84
3225,18,18,211.7
2492,50,21,210.64
4666,28,20,210.57
2229,8,22,210.51
2789,212,23,209.6
1136,57,19,209.06
3732,24,21,209.02
2663,70,27,208.82
2512,119,26,208.22
1051,50,20,207.36
3484,39,23,207.32
4789,110,11,207.05
1819,12,17,206.9
4486,28,26,206.66
3973,119,16,205.9
1574,148,23,205.7
4800,6,15,205.6
2294,98,23,205.6
3248,194,21,205.44
1625,33,18,205.26
4828,80,24,205.01
2251,190,16,205.0
1004,28,21,204.96
3562,0,18,204.76
1940,42,11,204.15
2447,2,21,204.0
4523,63,12,203.95
3416,45,14,203.8
3164,91,21,203.76
1430,13,16,203.6
2426,113,17,203.5
4499,62,15,203.26
1609,13,15,203.1
2511,169,21,202.74
2549,128,16,201.92
3922,124,18,201.75
3946,41,13,201.7
2033,319,11,201.5
1991,21,23,201.2
1653,23,18,201.0
4656,5,21,200.3
3950,25,15,200.0
1182,31,16,199.82
1983,143,16,199.6
1218,1,21,198.7
4756,103,14,198.5
1312,226,14,197.8
1890,217,8,197.2
2601,69,19,197.0
2555,7,16,196.8
3119,185,17,196.8
1785,9,20,196.3
3499,240,18,196.03
2230,216,18,195.9
1913,134,16,195.7
1360,14,16,195.2
4487,163,19,194.7
4941,319,26,194.04
1087,138,21,193.82
2650,38,16,193.71
1979,39,17,193.7
3855,28,18,193.5
4236,35,14,193.4
4512,9,15,193.2
1921,49,14,193.0
1336,270,9,192.85
1618,150,16,192.72
3915,91,31,192.63
2716,98,16,192.1
1567,263,17,192.08
2346,104,15,191.9
3709,65,21,191.84
4257,131,13,191.75
3462,45,25,191.48
4218,88,12,191.35
3983,112,11,191.1
1452,35,15,191.04
1465,51,17,190.96
4783,69,21,190.16
2408,112,21,189.93
3763,186,13,189.9
4510,118,17,189.76
4187,63,21,189.73
4958,172,13,189.7
4292,25,20,189.7
3938,152,16,189.62
1438,32,17,188.94
4330,191,18,188.9
3405,261,18,188.1
3031,12,15,187.8
2996,95,14,187.8
2171,118,18,187.5
3877,104,16,187.4
1013,89,19,186.75
4316,353,20,186.46
1220,1,17,186.05
1777,27,20,185.9
1887,51,22,185.8
1934,146,19,185.8
3115,427,16,185.54
2690,56,17,185.5
1410,52,27,184.95
1170,29,20,184.44
3633,1,16,184.44
4351,131,13,184.4
1554,223,15,183.5
1216,127,14,183.2
4197,57,17,183.1
1888,207,14,183.1
3584,13,14,183.1
1006,199,15,182.94
1792,137,13,182.84
4671,151,22,182.45
2086,211,20,182.4
1572,100,20,182.1
1023,185,17,182.0
3402,136,21,181.52
1734,170,17,181.0
1287,124,17,180.92
3909,324,16,180.86
1908,157,20,180.64
2017,68,16,180.4
4826,198,13,180.3
2839,60,8,180.3
4130,54,16,180.2
2120,84,14,180.0
4867,62,11,180.0
4589,22,16,179.9
1932,114,20,179.8
4540,71,12,179.76
1129,374,13,179.64
1324,3,14,179.2
4742,45,15,179.1
1649,31,18,178.7
2629,24,19,178.54
2370,109,19,178.26
3028,204,15,178.2
2857,256,15,177.8
3467,6,13,177.76
2380,82,16,177.75
3483,38,15,177.66
4473,114,14,177.5
2834,4,10,177.32
3649,192,17,177.2
2178,10,11,177.1
3165,33,18,177.1
4086,410,13,176.95
2151,92,11,176.94
1595,86,22,176.9
3442,46,13,176.3
3581,5,20,176.2
4353,128,17,176.2
4588,52,21,176.2
4380,57,11,175.9
1494,92,16,175.74
1435,250,15,175.55
4747,128,16,175.42
4049,151,12,174.9
1729,15,15,174.7
1395,79,23,174.64
3579,0,13,174.6
1510,66,18,174.51
3380,49,18,174.3
4584,28,10,174.3
1483,186,20,173.62
1118,5,18,173.4
4096,184,10,173.0
2659,22,16,172.97
1477,40,17,172.9
4952,69,15,172.5
4937,185,16,172.04
4799,252,19,171.85
4412,10,13,171.56
3429,184,18,171.52
1208,14,11,171.46
2810,0,17,171.4
3821,361,17,171.1
3971,0,15,171.03
3832,166,15,170.96
2222,2,19,170.95
3920,234,11,170.9
2077,229,15,170.9
2718,201,20,170.72
4430,28,14,170.7
3629,261,13,170.5
1608,47,18,170.12
4112,247,18,170.0
2133,147,16,169.96
3827,57,17,169.73
3346,233,6,169.7
2202,93,13,169.45
1456,40,18,168.74
3862,42,21,168.55
1245,26,20,168.51
2079,164,14,168.41
1998,226,27,168.05
1198,333,7,167.9
4804,3,17,167.54
3474,127,16,167.4
4251,9,22,167.39
2568,82,19,167.3
3437,331,14,167.22
2746,215,15,167.15
2847,37,13,167.0
2298,85,20,166.8
4657,137,20,166.8
4601,15,15,166.65
1248,15,16,166.65
2389,47,16,166.19
3299,305,11,166.1
2234,6,21,166.0
3247,59,24,165.9
3358,276,18,165.9
2357,98,20,165.85
2560,34,24,165.52
2041,97,15,165.5
4220,39,16,165.5
1419,267,15,165.5
2059,479,9,165.35
4433,219,17,165.2
2381,227,19,165.02
4999,4,16,164.86
1385,34,15,164.7
1613,127,15,164.7
1782,81,13,164.2
1583,37,21,164.05
2928,99,9,164.0
3308,68,28,163.94
2618,27,16,163.9
2868,26,21,163.9
3046,42,23,163.8
1460,189,10,163.7
1711,38,19,163.66
1444,1,20,163.32
4165,134,20,163.15
2550,7,16,163.14
4153,156,22,163.0
4699,151,18,162.93
3182,76,14,162.9
2946,56,18,162.74
4946,56,18,162.5
3959,86,14,162.5
4735,273,12,162.1
3369,1,15,161.84
2694,36,19,161.76
2799,111,21,161.7
3642,309,12,161.45
1859,216,11,161.4
2267,49,15,161.4
3684,139,13,161.3
2089,60,16,161.3
4324,359,14,161.2
1190,64,17,161.1
3779,50,15,161.05
1237,265,20,160.8
1855,51,13,160.65
4594,190,18,160.6
1959,17,19,160.6
4495,14,23,160.55
4376,38,26,160.32
2755,227,15,160.3
3766,52,9,160.12
1620,132,11,160.1
2599,38,15,160.1
4825,45,14,160.0
4321,64,18,159.6
1404,241,18,159.5
3926,132,18,159.42
4576,104,14,159.4
1708,2,16,159.4
2713,134,10,159.3
2093,201,16,159.3
1999,128,16,159.24
2499,38,15,159.22
4667,127,17,159.0
3682,79,19,158.98
2348,19,18,158.91
2600,14,19,158.9
3517,19,22,158.74
3608,33,14,158.66
1827,182,23,158.6
4453,129,18,158.6
2365,192,17,158.6
3663,40,19,158.5
3847,27,11,158.1
4708,89,14,157.8
1931,82,16,157.7
3547,32,19,157.69
2645,186,19,157.6
1146,109,20,157.52
4155,97,17,157.5
2723,57,10,157.5
2573,361,16,157.4
1116,31,24,157.4
4261,317,12,157.25
2435,92,12,157.05
4364,6,22,157.05
2031,307,14,157.0
1235,215,19,156.98
1737,116,21,156.95
4721,177,19,156.9
2363,66,11,156.6
3509,175,14,156.6
4585,93,21,156.55
4028,175,10,156.5
2209,88,14,156.4
2765,30,12,156.25
1241,222,11,156.22
3082,96,26,156.15
4468,198,17,156.1
3898,131,9,156.0
2142,188,19,156.0
1231,64,16,156.0
4745,6,17,155.98
1008,88,12,155.9
1110,40,18,155.9
2578,29,18,155.76
2232,238,14,155.7
1682,59,20,155.66
2787,189,16,155.6
2164,36,25,155.6
3560,92,17,155.6
1706,138,14,155.0
1832,43,16,154.75
3856,272,13,154.6
3956,376,16,154.44
4759,313,12,154.35
1296,37,17,154.34
2374,190,14,154.3
3398,294,11,154.3
4947,42,14,154.25
2400,283,12,154.15
2584,249,20,153.97
4566,122,13,153.96
4526,128,20,153.76
1197,38,18,153.6
2957,33,19,153.56
1373,164,14,153.4
2961,44,20,153.36
1534,139,18,153.31
3148,277,11,153.16
4524,4,22,153.0
2648,52,13,152.7
1275,73,24,152.56
4694,42,20,152.54
2814,70,17,152.42
1422,87,19,152.4
4018,43,17,152.1
3603,334,12,152.04
4788,246,13,152.02
3276,183,15,151.8
1504,30,11,151.7
1646,124,17,151.66
4002,118,14,151.55
4967,98,12,151.4
2100,78,15,151.14
3393,53,20,151.14
4312,16,17,151.06
1624,8,9,151.0
1621,313,14,150.72
4215,183,18,150.7
4548,153,15,150.7
3812,47,20,150.65
4864,26,25,150.58
3287,331,13,150.45
3545,30,11,150.4
2421,38,21,150.3
2466,81,9,150.2
1997,2,21,150.12
4045,8,11,149.9
3322,80,16,149.8
1094,113,20,149.79
4773,51,18,149.5
3621,58,18,149.45
2952,35,15,149.36
2612,213,18,149.25
3692,73,12,149.1
1061,116,14,149.1
1133,149,13,148.94
3472,244,12,148.8
2144,359,10,148.6
2547,36,12,148.6
2835,82,19,148.52
1509,0,18,148.4
3389,135,13,148.4
2045,23,15,148.4
4044,29,10,148.4
4734,38,11,148.3
3077,121,17,148.01
3783,191,23,148.0
1602,123,14,148.0
3558,102,17,148.0
3511,45,14,147.94
3701,247,12,147.68
4877,54,21,147.41
3438,3,16,147.35
2383,86,12,147.29
3207,34,15,147.2
3948,198,15,147.02
3582,196,19,146.61
1865,27,14,146.6
1329,221,16,146.6
1229,285,8,146.4
4778,128,15,146.4
3518,65,16,146.35
2117,53,13,146.28
4388,285,14,146.25
3175,37,14,146.2
2069,181,10,146.1
3194,241,14,145.8
1566,41,21,145.76
4297,64,23,145.52
4685,56,15,145.5
1659,30,15,145.5
1333,99,18,145.5
2602,19,17,145.44
1811,98,18,145.3
2654,35,19,145.3
2056,36,18,145.23
3090,56,22,145.22
1283,47,17,145.2
4851,10,14,145.2
4030,8,20,145.05
1264,23,17,145.0
4953,81,16,144.9
2997,0,16,144.87
3774,13,12,144.7
3072,205,17,144.65
3508,137,17,144.61
2745,245,15,144.6
4275,110,15,144.6
3507,50,18,144.4
1120,95,17,144.39
3101,13,14,144.1
2854,325,11,144.02
4807,195,13,144.0
3071,200,15,143.85
4391,279,14,143.84
3727,225,13,143.8
2582,46,12,143.8
4267,81,14,143.7
4442,32,14,143.7
3688,68,15,143.66
4424,75,8,143.65
4681,110,14,143.62
1484,84,8,143.6
3266,66,22,143.55
2369,74,8,143.5
3505,80,15,143.2
3045,279,11,143.15
2836,1,12,143.12
2454,50,20,143.1
4557,72,8,143.0
4024,75,14,142.9
4592,22,16,142.9
4325,77,9,142.7
4564,56,17,142.26
3410,62,14,142.24
1839,82,11,142.2
1204,160,16,142.1
2403,29,13,142.1
3803,7,19,142.05
2272,116,13,142.0
1584,173,16,141.95
2592,90,16,141.94
3337,203,16,141.86
2244,276,15,141.8
3002,139,17,141.6
4797,179,11,141.6
4916,304,13,141.5
3116,385,14,141.4
4445,29,15,141.2
1894,88,14,141.2
1943,91,20,140.86
1322,72,15,140.64
3829,150,9,140.6
2687,107,16,140.6
2293,11,19,140.56
4541,256,10,140.4
3718,73,18,140.4
1821,223,8,140.2
3571,19,14,140.2
2964,141,12,140.2
4832,27,13,140.02
2040,84,15,140.0
3809,281,9,139.9
2018,127,13,139.6
3881,267,14,139.55
1341,61,12,139.4
1457,355,12,139.4
2399,321,11,139.3
2042,41,14,139.24
3102,26,8,139.22
4661,234,17,139.1
3741,39,16,139.1
1239,121,16,139.0
3819,185,10,138.8
4972,327,13,138.7
3526,126,10,138.63
2375,21,11,138.6
1081,241,16,138.6
3481,87,16,138.4
4202,28,13,138.4
4301,10,15,138.26
2289,56,16,137.84
4746,21,14,137.8
1416,130,14,137.7
2066,223,12,137.7
2310,281,16,137.68
4951,36,13,137.6
3670,378,9,137.55
1939,61,14,137.52
4092,91,10,137.5
3498,274,8,137.5
3170,27,12,137.4
3677,30,13,137.15
4262,75,17,137.1
2432,18,14,137.0
1917,154,11,137.0
3904,233,8,137.0
3469,224,16,137.0
1327,143,18,136.92
1157,452,7,136.9
4131,276,11,136.8
2484,140,14,136.75
3427,246,9,136.7
3844,104,16,136.6
3841,164,17,136.38
3292,108,6,136.2
1542,145,13,136.2
1165,1,9,136.2
1561,158,20,136.15
3687,8,19,136.09
4222,3,13,135.99
4574,30,21,135.9
3347,208,14,135.8
2494,118,17,135.8
4082,243,11,135.7
1623,58,12,135.7
2254,340,12,135.7
4299,138,15,135.69
3489,42,15,135.6
2760,144,23,135.4
4988,10,18,135.4
4108,94,14,135.35
3782,330,18,135.34
4335,25,17,135.32
2944,332,14,135.3
1798,363,17,135.2
1948,127,22,135.15
4550,51,16,135.1
3414,68,13,135.0
3749,296,9,134.98
4572,62,18,134.8
2437,45,15,134.7
3942,50,23,134.61
4418,87,8,134.6
2252,83,21,134.57
4356,29,9,134.5
2595,341,17,134.45
4056,71,16,134.45
2340,32,18,134.4
2028,10,13,134.29
3963,104,14,134.25
3522,98,10,134.2
4567,89,12,134.0
2784,47,13,133.95
3617,257,11,133.9
2415,144,14,133.9
4992,193,11,133.9
4820,23,18,133.8
4633,135,14,133.8
2771,126,7,133.7
1733,190,17,133.6
4138,81,12,133.39
2849,36,11,133.35
4441,51,16,133.3
2978,35,19,133.3
1144,76,16,133.25
1817,131,12,133.2
3878,155,16,133.0
2785,73,10,132.96
4006,12,12,132.81
3186,35,10,132.8
2540,300,17,132.7
2769,152,12,132.63
3325,31,13,132.62
1619,62,11,132.61
3144,136,13,132.52
3743,238,17,132.5
3679,7,21,132.39
4104,30,16,132.35
3268,54,16,132.27
1726,4,13,132.1
1342,314,13,132.05
1616,22,13,132.0
3166,246,14,131.8
3843,74,9,131.8
3181,17,14,131.7
4156,149,13,131.64
3557,163,11,131.63
3450,6,17,131.56
1356,113,10,131.44
2284,287,13,131.4
2747,122,12,131.3
4252,264,9,131.16
3025,72,11,131.0
3497,36,23,131.0
4288,47,12,131.0
1540,34,12,130.9
4258,19,13,130.7
1225,224,21,130.6
1507,191,16,130.6
4266,152,19,130.5
4163,214,15,130.5
3258,224,13,130.34
4503,11,11,130.3
3284,41,16,130.2
2523,179,15,130.06
4124,112,17,130.05
4211,470,12,130.0
2676,53,14,129.9
2825,1,10,129.9
3128,122,17,129.8
1027,227,9,129.7
4277,24,23,129.66
4129,53,17,129.64
4525,84,15,129.4
1107,90,20,129.38
4337,65,9,129.34
1062,103,16,129.32
2452,141,11,129.16
4692,64,15,129.0
2356,121,14,129.0
3685,126,10,128.95
3500,162,17,128.95
4095,1,6,128.9
4637,230,11,128.9
2215,34,14,128.8
4427,333,12,128.7
4485,158,12,128.55
4515,198,19,128.5
4340,5,13,128.5
3232,12,16,128.45
2315,10,14,128.42
2186,120,20,128.25
4169,36,15,128.2
3081,463,15,128.03
1606,49,8,128.0
2194,208,15,127.91
1758,307,14,127.84
2757,14,10,127.8
1759,95,12,127.8
2311,59,18,127.7
2504,138,11,127.7
4546,118,11,127.7
1878,33,21,127.61
2061,3,11,127.6
3354,31,15,127.6
1500,284,16,127.52
2860,10,14,127.48
4780,102,20,127.22
1668,131,11,127.2
4194,233,14,127.2
4880,475,6,127.1
3504,55,19,127.08
3294,180,13,127.05
4164,461,10,127.05
2160,85,12,126.96
4160,140,13,126.92
1929,173,21,126.9
2617,222,16,126.85
2475,50,14,126.8
4107,45,12,126.65
3954,323,7,126.5
1783,176,18,126.24
4182,131,14,126.1
1853,213,9,126.1
1289,52,11,125.9
1740,404,16,125.8
1690,131,16,125.8
4776,66,17,125.7
2507,0,13,125.6
1703,312,14,125.6
2692,82,10,125.6
4718,117,13,125.49
3903,85,19,125.4
2950,81,15,125.34
2597,137,15,125.25
3613,86,12,125.24
3769,306,11,125.15
3910,12,14,125.14
4569,156,12,125.14
1242,16,17,125.11
1768,117,20,125.01
4110,32,16,124.95
4938,20,16,124.87
1523,277,10,124.75
3297,223,12,124.7
4117,20,15,124.64
1050,240,14,124.6
3655,317,5,124.6
1753,131,17,124.5
1286,140,16,124.45
1347,106,14,124.4
2465,3,11,124.3
1343,59,10,124.22
1126,227,9,124.2
4073,58,14,124.2
4223,84,17,124.2
4719,2,16,124.1
2907,376,17,124.05
4580,31,8,124.02
3539,340,14,124.0
2580,43,12,124.0
1213,107,13,123.7
1269,91,14,123.62
3054,185,18,123.6
4853,87,12,123.6
2707,73,17,123.56
4362,172,15,123.55
2534,52,14,123.52
3460,36,16,123.5
3137,128,19,123.5
3041,106,14,123.49
1497,81,9,123.42
3360,46,11,123.4
3683,25,14,123.12
3042,3,22,123.1
3863,200,14,122.92
4191,57,13,122.8
4760,272,18,122.7
3298,218,10,122.7
3900,10,14,122.64
4736,162,11,122.6
1501,135,10,122.6
2303,518,6,122.6
4336,81,15,122.5
2167,22,9,122.4
3794,34,11,122.4
4643,28,16,122.15
3911,129,16,122.04
2510,92,14,121.8
2672,34,12,121.8
4448,358,12,121.7
1692,185,15,121.65
3814,162,13,121.64
2307,184,11,121.62
2850,278,9,121.6
3549,151,20,121.6
4623,175,14,121.4
4886,338,10,121.31
1209,414,9,121.29
2321,197,13,121.2
4968,47,7,121.2
2338,22,11,121.2
1114,173,16,121.12
4179,284,9,121.1
1823,33,11,120.9
1549,287,9,120.85
2336,84,11,120.84
3044,92,19,120.62
2157,62,11,120.56
1971,103,8,120.55
4190,3,21,120.49
1294,373,12,120.4
3597,17,6,120.3
3818,13,15,120.2
3328,76,11,120.12
3689,154,10,120.1
3835,105,21,120.05
3967,37,16,119.99
3600,34,15,119.92
4019,124,17,119.9
3786,233,13,119.9
3699,18,9,119.8
2236,330,14,119.72
4170,172,15,119.65
3962,101,14,119.65
1636,25,12,119.6
2552,359,13,119.52
3296,135,14,119.5
3891,38,13,119.49
4766,92,17,119.26
3523,51,16,119.15
4147,105,12,119.1
1780,78,21,119.05
3604,226,15,119.0
3947,200,10,119.0
4091,2,14,118.95
2004,131,13,118.8
4962,276,11,118.8
1148,94,19,118.76
4505,257,13,118.75
4743,179,13,118.64
1160,40,15,118.51
1330,58,11,118.4
1628,41,15,118.4
1895,402,13,118.38
3160,238,10,118.26
4556,135,9,118.2
4440,29,12,118.2
3931,297,13,118.1
3067,33,10,118.08
3300,85,11,117.95
4722,14,10,117.9
4779,51,16,117.9
2840,145,15,117.9
4787,140,12,117.9
2166,20,15,117.75
3476,185,15,117.68
4305,159,15,117.66
2201,222,14,117.65
1741,10,13,117.6
1022,571,6,117.5
3122,60,24,117.42
2715,177,15,117.4
3141,44,17,117.4
1026,216,17,117.35
3356,221,16,117.3
2869,20,14,117.1
3444,631,8,117.06
1632,15,14,117.04
3189,37,17,117.04
4470,7,14,117.0
3200,273,8,116.9
2063,33,13,116.9
3396,230,13,116.8
4563,186,12,116.8
2652,4,13,116.69
3488,9,7,116.65
4537,10,13,116.5
4669,188,10,116.48
3804,192,9,116.32
2349,166,16,116.32
2816,80,24,116.3
2885,41,14,116.0
3620,195,15,116.0
3206,78,12,115.91
2129,141,16,115.9
1945,244,14,115.9
1486,16,17,115.9
1513,48,10,115.8
1674,26,12,115.55
3637,8,13,115.3
4289,83,9,115.3
1930,45,13,115.3
1482,38,20,115.28
4071,76,9,115.26
3785,501,9,115.2
4387,105,17,115.2
1661,52,17,115.16
2341,373,10,115.02
1254,255,5,115.0
4152,195,16,115.0
1973,67,2,114.9
2700,45,9,114.88
1639,81,7,114.8
4352,1,13,114.75
4598,42,18,114.7
2453,9,15,114.69
1954,146,11,114.62
3435,417,10,114.6
4426,207,15,114.5
1480,39,13,114.44
1535,180,8,114.36
1305,220,12,114.3
4652,266,13,114.3
1178,45,11,114.24
3113,195,12,114.1
4608,35,12,114.0
3095,78,16,114.0
4784,110,5,114.0
4162,8,14,114.0
3491,65,14,113.8
1041,272,10,113.75
1493,90,15,113.7
4150,126,12,113.7
3111,7,16,113.7
3139,253,16,113.66
3204,236,11,113.62
2043,253,16,113.56
1162,146,12,113.5
4720,311,13,113.4
2235,66,13,113.35
3353,138,19,113.35
1658,118,12,113.3
2035,7,11,113.22
3552,119,13,113.16
4178,47,20,113.15
3719,13,19,113.1
4933,306,21,113.05
4741,96,17,113.0
2107,33,19,113.0
2863,541,7,113.0
1750,325,12,112.96
3746,51,13,112.9
1279,111,17,112.9
3653,51,11,112.8
1765,294,8,112.8
3224,291,10,112.76
3329,312,13,112.6
1472,102,16,112.6
1179,475,5,112.6
4814,108,15,112.5
4573,7,16,112.5
3573,271,9,112.4
1067,163,8,112.3
3370,48,11,112.1
4859,112,8,112.0
3817,366,14,112.0
1947,532,9,112.0
4213,129,8,111.9
1476,126,13,111.84
2925,19,16,111.8
2991,317,12,111.78
1742,18,9,111.7
4323,13,12,111.7
4872,432,12,111.62
4939,77,17,111.5
2478,484,5,111.45
4326,54,12,111.36
4463,57,10,111.3
2401,11,10,111.3
1896,379,12,111.3
2097,90,11,111.27
2128,142,11,111.23
2562,411,10,111.2
4469,73,7,111.2
3203,145,12,111.2
2358,15,9,111.16
4579,62,16,111.15
4891,85,13,111.1
2406,23,17,110.96
2320,387,10,110.9
3998,16,17,110.8
4444,85,15,110.8
4077,148,14,110.7
3588,15,13,110.7
4975,58,13,110.7
1454,69,11,110.7
1863,148,14,110.6
2325,258,15,110.58
2666,16,16,110.55
3864,18,15,110.5
1946,22,12,110.5
2104,71,9,110.4
3364,107,12,110.4
2813,44,16,110.2
3656,294,9,110.15
2339,589,10,110.0
4893,304,8,109.9
1073,27,12,109.8
1808,162,10,109.8
1844,47,15,109.72
4224,24,12,109.6
1588,78,8,109.54
3675,149,11,109.5
4785,108,12,109.42
1450,44,16,109.4
1776,259,14,109.3
1806,177,11,109.22
4606,229,13,109.2
2231,27,15,109.2
1892,40,15,109.12
1655,40,9,109.1
4531,75,17,109.07
3275,65,8,109.0
4281,73,13,108.96
2262,56,10,108.95
1185,128,10,108.9
1754,104,14,108.8
4852,131,20,108.8
4855,243,10,108.8
2176,144,13,108.8
4827,33,14,108.7
3348,25,14,108.65
4120,19,11,108.6
2204,94,12,108.6
1557,148,4,108.6
4627,12,4,108.5
4618,14,12,108.5
2102,234,12,108.5
3669,323,12,108.48
1491,0,11,108.4
2727,15,10,108.4
2246,123,5,108.3
1277,29,15,108.21
1297,382,9,108.15
1951,69,6,108.1
2226,296,13,108.1
3390,29,11,108.04
4015,278,17,108.04
1757,7,15,108.0
2083,53,12,108.0
4712,381,10,107.9
4769,101,12,107.85
3133,5,8,107.8
1211,220,16,107.75
2395,408,5,107.6
1028,172,13,107.6
2162,194,10,107.5
1290,99,13,107.5
3190,39,12,107.46
3793,145,18,107.42
4673,385,7,107.4
1285,162,14,107.4
4793,36,10,107.4
4680,125,9,107.39
4906,91,11,107.34
1634,27,19,107.3
2300,102,10,107.3
4358,54,6,107.3
1810,443,12,107.2
2711,108,14,107.2
1428,346,13,107.14
1656,61,12,107.14
2730,50,11,107.11
1724,112,11,107.0
1475,13,10,106.93
3997,79,10,106.9
1603,91,15,106.75
1835,191,10,106.64
4704,131,11,106.6
4634,229,9,106.6
1396,161,8,106.52
1097,59,17,106.48
2364,113,15,106.3
4698,66,8,106.2
3583,27,15,106.2
4227,132,7,106.1
4922,13,10,106.0
1978,299,6,105.9
2255,12,12,105.85
2337,137,13,105.8
2362,37,14,105.75
2909,236,11,105.7
4455,4,16,105.66
3051,31,15,105.6
1788,10,16,105.55
4207,124,15,105.55
1652,288,12,105.5
3094,85,17,105.45
4693,134,18,105.39
4812,217,15,105.3
2238,24,13,105.3
1468,82,15,105.24
2509,168,8,105.1
2656,14,10,105.1
1884,19,12,105.05
3758,117,14,105.0
2873,118,16,105.0
4134,32,14,104.95
1825,39,13,104.9
1252,261,10,104.9
4843,231,11,104.85
3214,8,15,104.8
2469,98,13,104.8
2751,330,12,104.77
1381,282,15,104.75
4660,173,8,104.7
1016,86,11,104.7
2701,501,11,104.69
4373,140,7,104.6
3342,191,8,104.5
2590,14,10,104.5
3537,97,13,104.4
1092,82,20,104.31
2691,56,10,104.3
4217,12,25,104.25
3226,431,8,104.2
3790,63,13,104.1
3721,179,10,104.02
1735,511,5,104.0
1992,124,8,103.8
1326,51,11,103.8
3355,28,6,103.8
3281,66,6,103.7
4274,91,12,103.6
2196,82,14,103.4
1045,35,9,103.3
1591,285,10,103.2
2604,101,14,103.1
2081,342,10,103.0
1559,88,7,103.0
4757,197,13,103.0
3421,232,11,102.75
1083,327,7,102.7
1440,24,12,102.6
4554,125,9,102.6
2175,299,13,102.52
1767,67,12,102.36
3728,48,13,102.35
4042,13,16,102.35
2305,93,7,102.34
1612,54,16,102.3
4845,79,8,102.2
2633,33,16,102.2
3409,19,13,102.2
1406,2,12,102.2
2937,152,17,102.16
3470,87,9,102.14
3917,108,13,102.14
4817,10,12,102.0
2037,255,8,101.95
4645,1,20,101.9
4060,19,7,101.9
2055,52,17,101.85
4175,335,7,101.8
4239,322,4,101.8
2815,111,8,101.8
3107,44,14,101.7
2191,50,10,101.67
4201,77,12,101.65
1587,182,13,101.62
2359,124,13,101.62
4519,57,5,101.6
4981,354,10,101.6
1276,37,13,101.5
1958,180,7,101.5
1153,22,17,101.5
2693,58,11,101.4
3030,381,10,101.4
1716,501,8,101.2
1380,39,11,101.1
2893,18,11,101.1
3937,41,10,101.1
1779,63,9,101.1
1968,88,11,101.0
1361,113,17,100.9
3229,145,12,100.8
2879,2,13,100.7
2459,99,13,100.7
1970,567,9,100.7
2646,49,7,100.6
4012,228,14,100.6
1191,144,6,100.6
1505,64,8,100.56
2518,180,12,100.5
2391,25,15,100.4
3572,174,4,100.4
1789,69,10,100.4
3140,125,12,100.13
4871,45,7,100.12
3176,151,13,100.1
2688,38,13,100.1
1663,49,13,100.1
3595,13,17,100.1
1710,25,6,100.0
1001,242,12,100.0
3846,336,12,99.97
2286,26,6,99.9
3976,101,13,99.88
1390,303,12,99.87
2581,16,12,99.85
1928,104,9,99.8
4269,273,10,99.7
2519,210,14,99.7
1256,123,12,99.65
4384,99,14,99.6
4883,124,10,99.52
3751,363,9,99.5
2589,245,19,99.44
4990,16,8,99.4
2916,200,15,99.39
4255,119,11,99.36
2496,28,8,99.36
4809,93,12,99.26
1901,31,12,99.2
1850,294,8,99.2
3919,84,10,99.2
2761,249,15,99.18
4879,79,9,99.15
3005,171,11,99.1
2678,32,11,99.05
1922,84,19,98.9
3062,151,11,98.82
2817,8,10,98.8
4914,31,10,98.76
4295,65,11,98.7
4600,169,11,98.65
3591,119,8,98.65
4676,349,13,98.6
2245,229,8,98.56
2563,1,14,98.55
2806,633,10,98.5
4395,188,8,98.5
4700,186,16,98.45
2574,19,11,98.44
3548,202,15,98.41
2430,344,12,98.4
1699,96,10,98.4
1358,1,12,98.4
1233,139,19,98.36
3529,108,15,98.35
4101,244,8,98.3
2867,7,15,98.22
4482,30,11,98.2
4646,152,12,98.14
4942,37,10,98.1
4959,183,12,98.1
2393,257,14,98.1
1492,335,11,98.0
2719,214,14,98.0
3789,79,11,97.92
4402,447,5,97.9
2756,37,10,97.9
2291,101,12,97.85
3228,338,8,97.8
3349,536,8,97.8
2332,15,13,97.8
4717,228,15,97.72
2154,290,11,97.7
2502,259,14,97.62
1183,184,16,97.6
3099,165,12,97.6
4230,55,9,97.6
4821,32,14,97.59
2525,44,11,97.54
4313,155,10,97.42
1882,96,6,97.4
1391,131,13,97.4
1814,40,12,97.4
4765,178,8,97.35
1372,188,10,97.3
4068,19,12,97.3
4691,79,8,97.26
1731,40,12,97.2
4610,164,12,97.05
2047,10,12,96.8
1488,32,8,96.8
4993,324,10,96.78
1176,135,14,96.65
3215,162,10,96.64
2803,430,11,96.62
3842,77,9,96.6
2897,337,6,96.6
1206,229,14,96.6
1363,77,13,96.6
3643,101,15,96.59
3693,44,8,96.5
4105,27,10,96.5
1032,129,16,96.46
3745,126,13,96.44
3262,22,16,96.4
3022,45,9,96.4
3323,21,11,96.36
4715,385,12,96.3
2092,54,17,96.3
2515,161,12,96.28
3153,83,16,96.2
2072,32,13,96.2
4892,261,12,96.2
2901,508,8,96.15
2641,304,12,96.1
1432,148,11,96.1
4932,40,14,95.9
1856,65,8,95.9
2982,188,12,95.9
2910,26,15,95.8
2556,124,10,95.8
2208,153,8,95.8
1553,162,14,95.7
4688,89,16,95.6
4796,127,14,95.6
3117,91,12,95.5
2535,50,13,95.5
4467,38,11,95.4
4862,229,12,95.3
2049,84,9,95.3
1479,229,14,95.29
2127,41,12,95.22
1278,21,15,95.2
2054,15,12,95.12
3100,221,12,95.1
2986,225,17,95.1
1582,146,6,95.06
3312,6,9,95.05
1836,113,6,95.0
3972,205,14,95.0
1130,103,11,94.95
2200,81,10,94.9
3433,90,7,94.9
3882,72,12,94.85
3797,105,15,94.8
1641,190,12,94.7
1043,354,8,94.69
1018,221,8,94.6
4214,84,13,94.6
4750,100,11,94.52
3089,74,11,94.5
1503,135,9,94.5
1335,73,12,94.45
4232,11,12,94.45
2170,195,10,94.45
3343,234,10,94.44
1086,2,14,94.4
4969,218,13,94.36
4036,218,12,94.35
2906,175,11,94.35
2290,111,11,94.2
4678,13,12,94.2
1108,153,12,94.06
1967,64,15,93.95
1473,89,10,93.9
1109,268,12,93.9
1611,270,10,93.85
2265,96,14,93.85
2419,130,9,93.8
1899,67,12,93.64
4890,107,12,93.6
3713,333,8,93.6
2306,82,13,93.54
4050,177,9,93.5
1293,65,11,93.46
1443,82,11,93.4
3996,121,6,93.4
1532,193,6,93.3
2137,614,4,93.3
1923,24,12,93.15
2947,167,7,93.1
1515,32,13,93.1
4923,98,13,93.07
4345,336,6,93.06
4997,3,6,93.0
2376,216,8,93.0
2149,221,9,93.0
3083,467,10,92.95
2792,67,15,92.9
3894,17,12,92.9
1377,291,11,92.9
2764,2,13,92.75
1355,102,13,92.7
1551,141,13,92.7
4059,237,9,92.7
1288,458,7,92.68
4008,225,9,92.62
3527,92,12,92.62
3205,19,13,92.6
3109,184,9,92.4
1427,34,16,92.4
2439,60,10,92.34
1893,270,8,92.3
2579,266,6,92.3
3672,216,13,92.2
3104,209,18,92.15
4308,25,19,92.12
4180,49,13,92.11
1797,411,11,92.09
4596,208,10,92.0
1281,211,9,91.9
4283,558,7,91.9
1838,280,10,91.9
4119,235,9,91.8
3799,415,6,91.8
3321,5,14,91.8
3661,33,12,91.74
2971,337,7,91.62
4038,54,14,91.6
4456,144,17,91.55
4406,217,17,91.42
1033,198,12,91.3
1966,433,16,91.24
4054,238,5,91.2
2569,167,7,91.1
2019,46,18,91.1
4808,132,11,91.08
2217,28,8,91.05
3334,241,9,91.0
4206,384,15,90.95
3471,79,10,90.9
3306,1,16,90.8
2532,177,12,90.75
1320,345,10,90.72
2279,400,8,90.6
3193,333,13,90.6
3315,41,13,90.5
1069,132,10,90.45
3913,284,12,90.42
3646,144,9,90.4
3686,123,9,90.4
1371,233,6,90.3
4098,327,11,90.1
3907,66,9,90.1
2131,125,12,90.0
3778,27,12,89.9
3185,303,11,89.9
3138,255,13,89.9
4204,75,10,89.84
1011,21,13,89.8
4106,127,13,89.8
4084,57,11,89.8
2355,159,12,89.7
3556,91,10,89.66
4464,70,17,89.6
2237,324,9,89.6
3524,395,12,89.55
2277,346,7,89.46
4226,24,9,89.45
1308,291,8,89.4
2975,67,13,89.4
4291,21,16,89.36
3029,213,6,89.36
1010,152,12,89.36
4127,48,11,89.35
4641,31,10,89.3
3744,22,12,89.3
1155,3,8,89.3
1982,16,7,89.2
3586,220,8,89.2
1079,112,6,89.1
3849,380,12,89.01
2273,33,14,89.0
1648,243,10,89.0
4392,32,13,88.82
1328,281,10,88.82
2938,188,7,88.8
3757,189,18,88.55
2781,212,13,88.5
2932,285,17,88.5
2212,63,12,88.4
3765,201,9,88.4
4976,166,7,88.4
4915,103,16,88.4
1309,273,11,88.35
1100,293,10,88.3
4039,3,12,88.2
4498,255,11,88.2
1816,496,10,88.11
1442,121,13,88.1
3614,246,10,88.1
2874,112,16,88.1
4782,136,10,88.05
4109,87,13,87.95
1076,77,13,87.9
4710,235,9,87.9
2972,223,10,87.9
4925,377,11,87.89
2242,208,12,87.82
4344,238,9,87.8
3668,12,13,87.8
2564,169,10,87.8
1837,174,12,87.75
3748,78,11,87.7
3773,33,8,87.6
2445,427,8,87.6
4007,7,12,87.5
3857,56,14,87.4
4924,107,14,87.4
1749,360,8,87.34
1723,22,10,87.34
4617,401,9,87.3
4040,271,11,87.3
4249,26,11,87.28
3848,42,14,87.12
1103,403,10,87.1
4806,36,11,87.0
4929,156,14,86.95
4986,332,12,86.95
3443,68,8,86.9
2011,7,18,86.86
3282,191,11,86.83
3430,258,16,86.8
4837,28,10,86.8
2467,84,12,86.8
2865,56,8,86.8
1521,369,6,86.8
3365,66,15,86.75
1994,86,14,86.7
2029,175,11,86.7
2832,58,11,86.65
2413,17,14,86.65
1384,11,15,86.6
1743,47,14,86.6
3806,124,7,86.6
2436,36,11,86.6
1168,299,9,86.6
2643,29,12,86.55
3590,214,14,86.54
3059,382,9,86.54
1398,259,8,86.51
2434,103,7,86.5
3596,254,12,86.5
4296,126,10,86.4
1796,57,14,86.4
2570,128,11,86.4
2266,91,9,86.3
1412,44,12,86.27
4577,56,6,86.25
3935,181,8,86.2
2777,212,10,86.2
4989,194,10,86.2
4113,139,12,86.2
2660,475,4,86.2
3680,36,9,86.12
2233,124,9,86.05
3775,64,15,86.0
4022,152,8,86.0
3036,103,17,85.94
1392,254,6,85.9
4146,324,15,85.9
2543,139,10,85.85
1719,104,13,85.84
1748,297,19,85.8
2915,421,4,85.8
4382,47,4,85.8
2905,69,6,85.8
2883,79,10,85.7
1807,12,6,85.7
3167,56,7,85.7
3295,155,10,85.63
1910,61,10,85.6
2449,175,8,85.6
2500,24,9,85.55
1601,21,6,85.5
1528,106,8,85.5
2428,131,17,85.45
1614,70,4,85.42
1820,267,10,85.4
3639,396,9,85.4
3924,62,14,85.4
2689,244,15,85.4
2256,131,9,85.35
1778,373,6,85.3
1952,37,10,85.3
1687,439,11,85.3
3184,40,14,85.2
2649,32,9,85.2
1127,76,12,85.16
3530,560,6,85.14
4603,343,10,85.12
3681,77,10,85.1
3079,295,9,85.1
4492,199,9,85.0
3559,181,12,84.92
3599,39,11,84.85
4538,32,8,84.8
1474,154,12,84.8
2989,334,12,84.7
2665,261,4,84.66
3311,182,8,84.66
4076,222,12,84.6
1226,48,10,84.55
3363,1,13,84.5
2014,190,19,84.5
3084,65,14,84.5
2319,234,7,84.5
1526,34,11,84.49
2884,2,8,84.45
2587,211,13,84.25
2287,14,8,84.2
3154,191,11,84.12
2065,342,14,84.0
2005,99,13,83.99
4221,306,8,83.96
4064,104,6,83.9
3574,55,14,83.9
3592,16,14,83.86
4662,43,16,83.74
2495,155,11,83.7
1581,139,6,83.7
3161,52,9,83.7
2073,195,9,83.65
2551,70,6,83.6
3703,197,12,83.5
4543,68,6,83.5
2221,12,6,83.42
3619,267,10,83.4
2169,59,11,83.4
2638,446,5,83.4
4228,256,13,83.36
3627,542,4,83.3
1224,466,4,83.3
2775,54,10,83.3
4233,197,11,83.3
2316,205,6,83.16
2288,213,12,83.12
4148,265,12,83.05
1152,164,8,83.05
1034,596,9,83.05
2386,25,12,83.0
1736,123,12,83.0
1564,68,8,83.0
2431,64,13,82.97
3049,328,4,82.9
1647,10,7,82.88
4613,227,12,82.82
3982,92,15,82.79
4749,318,9,82.75
4940,131,8,82.75
2683,141,8,82.7
1340,42,14,82.7
2872,102,8,82.69
2071,77,10,82.66
4375,86,12,82.6
2225,246,10,82.5
2930,282,14,82.5
2000,129,7,82.4
4126,419,7,82.4
3868,133,5,82.35
2762,12,9,82.35
1725,429,6,82.35
1420,22,11,82.35
4869,271,10,82.3
3013,131,13,82.3
2331,32,13,82.22
4396,201,4,82.22
3053,5,9,82.2
3468,46,11,82.2
2122,267,10,82.15
2754,242,10,82.1
3544,270,10,82.1
3704,93,12,82.1
1315,53,6,82.0
1303,113,14,82.0
1851,172,10,82.0
1696,87,13,81.95
2269,101,6,81.9
4398,51,10,81.9
1804,30,9,81.9
1993,175,9,81.9
4772,376,10,81.85
3171,439,3,81.8
4690,375,9,81.7
3357,205,9,81.7
2068,206,12,81.65
2416,55,9,81.6
2973,382,12,81.6
2139,258,12,81.6
4761,113,12,81.55
3419,25,10,81.55
2240,29,12,81.54
4638,422,8,81.52
3456,111,13,81.5
2110,154,8,81.5
1520,307,6,81.5
3850,118,8,81.5
1638,293,8,81.5
3375,248,7,81.5
1800,152,12,81.4
3273,95,9,81.4
4367,45,12,81.31
3609,18,10,81.3
2152,118,12,81.3
2404,76,11,81.3
3479,281,8,81.2
2724,244,6,81.2
4306,2,12,81.15
2514,58,11,81.1
4461,320,9,81.0
4471,305,9,81.0
1142,200,8,81.0
4894,7,8,81.0
4835,21,14,80.84
1141,380,9,80.8
1833,159,10,80.8
1053,174,12,80.7
1857,111,5,80.7
3735,32,9,80.7
3756,28,10,80.7
2218,181,13,80.6
2790,0,8,80.5
4067,75,6,80.4
3902,31,7,80.4
3158,452,9,80.4
2513,15,12,80.3
1325,218,9,80.3
3304,30,10,80.3
1075,41,11,80.3
2948,194,10,80.24
3260,28,8,80.2
3899,6,16,80.2
1399,385,9,80.1
1552,720,2,80.1
2159,166,8,80.06
4536,108,11,80.0
4154,181,8,80.0
4632,87,10,80.0
3589,56,13,80.0
4394,412,9,79.9
1684,361,8,79.9
4842,22,12,79.89
2396,496,11,79.85
4286,109,13,79.8
4320,19,15,79.8
4133,156,13,79.8
2446,113,9,79.8
4212,243,11,79.75
1766,343,5,79.75
4897,400,8,79.6
3811,189,21,79.6
1311,184,8,79.5
3149,704,3,79.5
2708,316,6,79.5
1599,78,14,79.44
4840,208,10,79.4
2942,332,12,79.35
2274,359,11,79.34
1424,82,6,79.3
3015,81,10,79.3
3236,179,10,79.2
1712,487,5,79.1
4058,0,7,78.99
2241,73,9,78.9
3867,114,8,78.88
4144,54,8,78.8
2697,541,4,78.7
4740,89,10,78.7
1697,43,15,78.66
3227,30,15,78.66
3327,240,14,78.53
2379,102,6,78.5
1885,5,11,78.5
1339,32,13,78.5
1345,162,10,78.36
3385,185,11,78.33
1161,291,7,78.3
3063,2,10,78.2
2800,89,13,78.15
3009,138,14,78.1
4334,50,15,78.05
3447,33,13,78.0
2410,39,11,78.0
2636,110,10,78.0
4449,275,10,78.0
2327,22,10,78.0
3658,95,9,77.9
2805,122,11,77.85
3280,170,6,77.8
4097,32,14,77.8
4555,53,14,77.7
4322,27,11,77.7
2974,4,9,77.7
3241,101,9,77.6
4319,52,14,77.56
2530,122,11,77.54
1349,17,11,77.52
2876,61,12,77.32
1461,9,8,77.3
2871,10,8,77.25
2630,318,7,77.24
3660,442,10,77.2
2653,23,12,77.15
2038,227,10,76.95
3673,125,8,76.95
4199,1,11,76.94
2505,30,11,76.9
4037,1,10,76.9
4363,182,6,76.9
4314,242,17,76.9
2979,143,10,76.85
4004,234,10,76.8
3724,19,6,76.8
4411,161,6,76.8
1969,160,14,76.76
1215,346,9,76.71
2902,136,7,76.7
2464,164,8,76.7
3368,296,6,76.65
4372,153,16,76.65
1974,241,5,76.6
4659,369,8,76.6
4121,59,15,76.52
3237,185,13,76.5
4527,73,11,76.5
2958,199,10,76.4
3038,353,12,76.3
2407,295,10,76.3
2999,149,8,76.3
4504,117,14,76.3
1660,157,7,76.25
3519,17,13,76.2
2132,376,11,76.2
4240,26,15,76.17
1955,320,8,76.12
4786,395,7,76.1
4459,12,12,76.1
2571,166,8,76.1
2864,149,10,76.04
2696,119,11,76.0
1506,370,5,76.0
3808,134,10,76.0
3930,171,8,76.0
1987,76,9,76.0
3210,7,8,75.9
4066,393,8,75.9
1702,350,13,75.9
3671,80,10,75.86
1012,41,11,75.86
4268,249,12,75.75
2565,93,12,75.74
3853,179,6,75.7
1055,219,6,75.7
3866,176,10,75.7
4500,205,10,75.6
3223,511,3,75.6
3831,77,12,75.55
3106,598,8,75.54
2877,264,6,75.5
2483,63,8,75.5
3407,280,9,75.5
1017,91,11,75.49
4371,192,9,75.45
2613,129,17,75.45
3132,123,10,75.4
4838,333,8,75.3
1171,239,10,75.3
2766,133,7,75.2
2026,411,4,75.2
3999,44,13,75.2
1014,88,10,75.1
2610,70,7,75.04
3033,461,8,75.0
3839,473,9,75.0
1354,29,13,74.95
3035,31,13,74.9
2448,1,17,74.9
2243,106,10,74.9
3439,127,11,74.9
4899,292,10,74.9
4910,35,6,74.9
3027,106,9,74.9
2561,133,9,74.85
3127,392,10,74.8
4195,90,10,74.76
2481,36,6,74.76
2188,32,10,74.75
2622,90,12,74.7
3570,119,11,74.7
1911,211,7,74.66
1113,147,11,74.65
2544,335,9,74.6
3905,194,16,74.59
2312,229,9,74.5
4728,115,10,74.49
1900,97,10,74.44
1234,40,10,74.44
3486,7,12,74.4
2695,179,8,74.3
2211,31,13,74.3
2207,266,8,74.2
2575,292,4,74.2
2940,53,11,74.2
1829,194,9,74.2
4908,224,7,74.19
1544,308,9,74.16
1426,175,10,74.04
2795,238,12,74.0
3339,22,9,74.0
4762,61,13,73.98
3665,98,8,73.96
3254,72,10,73.92
2441,180,15,73.92
4558,269,6,73.9
4813,148,7,73.9
4706,37,6,73.9
4041,75,11,73.9
1020,78,10,73.84
4025,56,12,73.82
2969,22,8,73.7
1102,186,10,73.7
3587,147,11,73.62
1123,48,11,73.6
2181,190,7,73.6
3034,222,10,73.5
3645,18,11,73.5
1019,385,2,73.5
1670,38,9,73.5
2299,50,8,73.47
3320,627,6,73.4
2025,412,8,73.4
2250,76,8,73.4
2360,315,6,73.3
2553,163,14,73.23
4501,198,13,73.22
1194,231,9,73.2
2048,14,12,73.2
4733,296,9,73.14
4648,83,9,73.1
4432,96,10,73.1
3644,89,7,73.0
2703,100,9,73.0
3208,40,14,73.0
1467,132,5,73.0
1924,43,14,72.99
1622,294,10,72.96
2705,44,6,72.94
2146,193,6,72.9
4977,132,9,72.85
4357,81,9,72.8
4431,44,14,72.8
1139,345,9,72.8
2900,263,12,72.72
4405,161,10,72.7
2559,429,6,72.7
1756,98,9,72.6
4474,20,11,72.5
3058,156,8,72.4
4416,7,16,72.3
4725,28,10,72.22
3400,301,12,72.2
3271,3,7,72.2
3647,302,5,72.2
4616,136,13,72.2
4860,411,14,72.16
1834,38,7,72.16
3928,95,10,72.12
3736,33,12,72.1
4114,145,10,72.1
2105,343,5,72.06
4478,26,9,72.05
2616,228,8,72.0
2681,242,6,72.0
1938,236,10,72.0
3066,24,12,72.0
1074,75,10,71.96
1370,178,13,71.9
1693,3,12,71.9
2829,11,10,71.9
2661,243,8,71.9
4878,100,7,71.8
3309,63,16,71.67
2804,346,9,71.6
4865,408,5,71.5
2366,134,13,71.5
2977,44,12,71.5
1015,240,7,71.4
3762,132,11,71.4
4529,220,10,71.36
3384,31,10,71.35
4650,381,11,71.32
2412,292,7,71.3
4246,29,8,71.3
2786,280,7,71.3
4896,67,8,71.3
3730,156,8,71.25
2830,191,11,71.2
3678,541,6,71.2
1478,321,8,71.2
3255,55,17,71.1
1773,59,9,71.1
4819,90,12,71.05
4609,53,4,71.0
3428,289,8,71.0
2542,36,8,71.0
3575,236,11,70.96
2980,247,7,70.96
1367,147,5,70.9
3764,50,12,70.8
3017,93,6,70.8
1962,205,10,70.8
3213,376,7,70.79
1516,336,4,70.72
2460,12,9,70.7
2782,204,9,70.7
4511,184,7,70.7
4675,60,10,70.6
2861,28,12,70.55
4970,144,7,70.5
1337,5,4,70.5
3716,50,9,70.4
2921,398,9,70.4
1824,59,9,70.4
2533,372,7,70.4
1918,92,4,70.4
4183,349,17,70.39
4013,287,9,70.38
1411,313,4,70.32
4177,198,10,70.3
1002,122,8,70.3
4122,68,9,70.25
4074,111,9,70.2
2521,16,10,70.2
2680,141,8,70.1
1417,103,10,70.1
3717,214,10,70.1
2420,94,10,70.0
2087,265,10,70.0
4901,319,8,70.0
2726,395,8,69.92
2185,80,11,69.9
1875,154,5,69.9
1035,113,14,69.9
3884,267,5,69.8
2882,188,11,69.75
2328,311,7,69.7
1188,355,8,69.7
3129,522,6,69.65
3640,83,8,69.65
3623,237,4,69.6
3985,68,15,69.6
3986,42,12,69.6
1615,27,12,69.5
2488,133,7,69.5
2744,225,8,69.5
2239,17,12,69.41
2134,95,7,69.4
2955,207,15,69.4
2091,72,11,69.4
2809,264,6,69.35
4697,110,12,69.32
3285,171,7,69.3
2702,217,9,69.3
3399,164,15,69.26
4414,341,7,69.26
1722,125,14,69.25
4088,98,10,69.23
2119,97,8,69.2
4873,118,8,69.2
4963,366,8,69.1
3338,135,9,69.1
1205,291,10,69.1
4003,7,9,69.04
2796,74,12,69.0
4231,353,5,68.9
3615,119,10,68.9
2732,272,10,68.9
1822,302,13,68.9
3023,155,9,68.8
4794,64,11,68.8
1151,104,5,68.8
3480,237,12,68.8
2929,434,4,68.7
4192,14,15,68.7
4310,306,7,68.7
1217,315,8,68.6
4672,55,7,68.6
3277,425,7,68.6
1304,135,7,68.5
1868,424,7,68.5
1115,342,8,68.5
4103,157,9,68.5
1403,228,10,68.4
3459,147,9,68.4
4928,134,3,68.4
1212,152,8,68.4
4686,48,13,68.3
3222,147,10,68.22
2118,165,5,68.2
2247,213,11,68.15
4931,240,14,68.1
2424,458,6,68.1
4591,200,9,68.0
1550,230,7,67.95
4489,41,8,67.94
3664,214,8,67.9
2842,154,4,67.8
1937,74,13,67.8
2020,41,9,67.8
2462,280,5,67.78
1867,276,11,67.7
1230,41,14,67.65
2923,423,5,67.6
1125,41,11,67.56
2712,95,13,67.54
2583,279,5,67.5
4823,470,8,67.46
3698,122,11,67.45
3798,117,6,67.36
2314,35,10,67.3
1815,122,11,67.3
1128,178,10,67.25
1680,385,6,67.2
2635,104,6,67.2
1747,378,11,67.2
1831,355,7,67.15
2914,30,9,67.1
4684,404,10,67.1
4781,38,6,67.1
1270,249,6,67.06
4403,101,12,67.05
3168,14,12,67.0
1562,233,6,66.9
3650,166,6,66.9
2402,115,10,66.83
4061,235,6,66.8
2085,252,8,66.7
1307,191,12,66.7
1883,55,10,66.7
1784,95,7,66.7
1140,187,8,66.7
4607,15,8,66.6
4294,27,14,66.6
2880,57,8,66.5
1518,19,7,66.45
4561,482,9,66.4
1070,420,4,66.4
3953,231,9,66.3
4360,310,6,66.25
4748,15,12,66.2
4732,392,2,66.2
2780,80,6,66.2
4159,2,6,66.2
3183,145,7,66.1
2044,14,9,66.01
4075,359,8,66.0
2983,110,4,66.0
1527,0,14,65.9
3978,160,5,65.9
2904,104,10,65.8
1082,596,5,65.8
2058,209,12,65.76
1795,271,4,65.75
2917,582,6,65.7
4544,343,12,65.65
2261,184,13,65.5
4238,18,8,65.5
2623,81,9,65.5
1781,207,6,65.46
3010,138,11,65.44
3612,94,14,65.44
4100,252,8,65.35
3256,153,9,65.3
2528,72,7,65.3
2165,115,12,65.3
3740,590,2,65.2
3123,380,9,65.1
4532,31,6,65.1
2749,191,7,65.1
4654,472,7,65.06
1926,75,6,65.0
4348,263,12,65.0
2257,229,8,64.9
3760,38,15,64.76
3516,17,7,64.7
3520,51,11,64.67
3394,17,7,64.66
4716,304,4,64.6
1031,76,7,64.6
3324,128,11,64.5
3457,416,6,64.43
3802,76,4,64.4
4370,572,8,64.35
2470,230,11,64.3
3534,49,6,64.3
4381,91,6,64.3
4260,44,12,64.2
2824,23,9,64.2
3374,125,5,64.2
2203,186,2,64.2
2023,121,7,64.1
1332,28,15,64.1
2309,1,12,64.07
1195,56,6,64.06
4723,222,6,64.0
3440,9,6,63.9
2503,325,2,63.9
1274,538,7,63.88
1319,134,9,63.8
3485,161,6,63.8
1413,381,7,63.8
4457,118,10,63.8
3925,280,8,63.72
4582,47,9,63.7
4687,98,10,63.6
3837,232,5,63.6
4404,446,7,63.6
4035,149,13,63.6
1514,128,10,63.54
2111,308,8,63.51
3567,87,5,63.5
4602,126,3,63.5
3784,199,9,63.5
4770,594,7,63.5
3895,564,10,63.45
2548,5,10,63.45
4957,515,6,63.4
4390,344,5,63.4
3984,330,6,63.4
3934,243,11,63.36
2823,439,5,63.3
1446,484,8,63.26
2807,180,11,63.2
2924,41,11,63.16
1351,307,6,63.1
2750,107,8,62.95
1718,291,7,62.95
2664,101,8,62.9
3088,27,8,62.8
2135,339,8,62.8
1249,445,5,62.8
3705,114,11,62.8
2260,61,8,62.75
2935,355,10,62.7
1362,85,5,62.7
4244,60,10,62.7
1774,145,12,62.65
2351,358,6,62.64
1644,535,5,62.62
3666,262,12,62.6
4193,122,8,62.54
1365,58,12,62.5
1846,31,12,62.5
1495,355,9,62.5
2034,80,6,62.46
1903,295,10,62.45
4578,478,9,62.44
2489,8,10,62.42
3869,151,8,62.4
3690,223,12,62.4
2422,49,11,62.4
4935,272,8,62.4
4726,175,8,62.4
1295,160,8,62.35
4284,77,10,62.3
1049,116,8,62.3
4604,21,4,62.3
2148,164,10,62.25
3952,61,9,62.16
3316,357,7,62.16
4475,271,5,62.1
2669,97,11,62.1
1207,46,8,62.06
4583,310,10,62.05
4597,170,6,61.9
3961,6,10,61.9
4876,312,8,61.9
1995,201,17,61.82
2624,134,4,61.8
2698,340,8,61.8
2912,336,11,61.79
1331,31,9,61.75
3463,97,8,61.74
3086,270,12,61.74
4157,360,6,61.7
1223,30,10,61.6
1864,94,8,61.6
1202,161,10,61.6
4410,79,11,61.55
3424,136,11,61.54
2741,93,12,61.5
3927,21,9,61.5
4629,44,10,61.42
1849,188,8,61.42
2115,42,7,61.4
4508,84,13,61.4
4744,63,15,61.4
1678,46,8,61.4
3145,44,8,61.4
4991,373,10,61.34
3379,343,5,61.3
3754,342,6,61.3
3020,125,8,61.3
2508,3,9,61.25
1904,256,6,61.2
1240,260,13,61.14
1525,431,5,61.1
2639,48,8,61.1
3987,133,11,61.05
4622,475,8,60.94
1629,205,6,60.9
2108,90,7,60.9
3616,420,7,60.9
4264,233,9,60.9
2125,188,6,60.9
3742,130,4,60.86
4359,97,9,60.85
4450,153,7,60.8
2956,28,11,60.8
1298,156,7,60.8
2945,164,5,60.8
3420,306,6,60.7
1489,190,13,60.7
3220,53,12,60.7
3551,159,9,60.7
2606,338,8,60.7
1003,323,8,60.65
4285,1,8,60.65
2388,406,8,60.62
3912,358,7,60.6
2699,32,10,60.55
3219,148,7,60.54
3921,419,8,60.4
1536,242,8,60.4
2685,84,12,60.4
4016,253,6,60.4
4620,294,9,60.36
2927,330,10,60.36
2920,80,11,60.3
3731,423,9,60.22
1533,53,6,60.14
1847,257,9,60.05
3252,130,12,60.0
3452,59,8,60.0
4954,97,8,60.0
4116,243,8,60.0
4881,155,8,59.94
2361,88,10,59.9
4965,80,4,59.9
1174,322,11,59.9
3851,234,8,59.9
2172,303,5,59.8
3515,180,12,59.8
3382,412,10,59.75
1346,236,7,59.7
4507,137,6,59.7
4664,218,8,59.6
2899,36,11,59.6
3157,448,7,59.52
4571,269,6,59.5
4053,283,6,59.5
2965,571,6,59.45
4665,307,8,59.42
1791,454,8,59.4
3055,134,7,59.4
3006,3,7,59.3
2536,53,7,59.3
1902,29,7,59.22
1512,101,10,59.21
2802,380,8,59.2
2264,352,8,59.2
4256,590,6,59.2
2598,49,3,59.1
4586,460,7,59.1
3838,16,6,59.1
4547,346,7,59.1
1064,158,7,59.1
1524,25,10,59.1
2078,75,6,59.04
4593,134,10,59.0
3415,217,6,59.0
4477,318,7,58.95
1214,354,6,58.9
4919,275,8,58.9
1751,280,10,58.9
2195,173,8,58.76
1088,30,9,58.75
3772,94,8,58.72
2994,536,6,58.7
2276,353,7,58.7
1764,45,11,58.6
4377,310,11,58.5
2934,108,9,58.5
1037,14,10,58.44
4254,138,6,58.42
2936,205,5,58.4
2557,68,6,58.4
3110,525,6,58.4
2846,98,6,58.36
3859,91,4,58.3
3021,334,10,58.3
4369,127,10,58.3
4166,54,14,58.26
1597,328,8,58.2
1056,51,6,58.2
1024,142,4,58.2
1306,40,9,58.19
4065,176,13,58.04
2076,26,8,58.0
1348,104,6,58.0
4833,295,7,57.95
3697,88,11,57.93
4198,287,5,57.9
3861,176,9,57.85
1268,437,9,57.8
1095,61,8,57.76
3816,12,9,57.7
4161,97,5,57.6
4466,118,10,57.6
4125,199,11,57.6
4009,169,11,57.6
2282,233,3,57.6
1676,80,10,57.6
4219,75,8,57.5
1772,58,8,57.5
1547,256,7,57.5
2531,493,4,57.5
1199,20,13,57.5
1763,3,7,57.45
1246,366,8,57.4
2875,59,7,57.4
1664,273,10,57.4
2679,379,6,57.39
2471,139,9,57.3
2326,31,9,57.3
3257,320,11,57.25
3840,155,10,57.22
1578,190,8,57.2
4898,157,6,57.2
1953,296,4,57.2
2657,223,6,57.2
3936,511,4,57.15
2472,347,8,57.1
4768,292,4,57.0
1302,92,10,56.96
1988,113,6,56.9
2506,3,8,56.9
2933,268,8,56.8
2158,151,11,56.8
3594,110,4,56.8
1517,151,10,56.7
4089,87,6,56.65
1843,24,9,56.65
2371,122,6,56.6
3310,230,11,56.55
4443,415,7,56.5
2837,102,11,56.45
2444,196,8,56.43
3202,46,7,56.4
2106,36,12,56.4
3893,259,11,56.34
1852,478,10,56.32
2671,156,8,56.3
4173,233,4,56.2
4132,393,9,56.16
3750,227,6,56.1
1394,220,4,56.1
1498,63,8,56.1
4619,197,5,56.1
1739,213,4,55.9
3975,306,4,55.8
2939,149,8,55.8
4705,222,10,55.8
4343,9,7,55.78
2458,129,6,55.7
4909,65,6,55.7
3279,399,7,55.69
3896,111,11,55.6
4966,339,6,55.6
3265,21,7,55.5
4752,226,8,55.45
3770,351,3,55.4
2010,11,12,55.34
2843,16,9,55.3
1717,51,8,55.3
3781,98,7,55.3
4709,509,6,55.3
2074,10,11,55.2
3696,423,5,55.1
1912,130,6,55.1
2249,215,4,55.1
1698,161,9,55.04
1291,285,12,55.0
4080,180,8,54.9
1961,15,12,54.9
3026,340,15,54.85
1386,152,6,54.8
1689,386,5,54.8
1981,60,4,54.7
3525,319,9,54.7
3554,160,8,54.7
4245,209,9,54.6
1451,337,6,54.56
1143,249,12,54.5
4655,150,10,54.5
2032,155,7,54.45
1449,88,9,54.45
1150,26,10,54.4
2903,144,12,54.4
3040,445,4,54.4
4439,131,8,54.3
2205,298,8,54.3
2943,193,8,54.23
4420,308,6,54.2
4559,232,10,54.2
3024,372,5,54.2
2891,181,5,54.15
3813,346,5,54.1
3068,194,7,54.1
1163,16,9,54.1
1301,57,7,54.0
3330,157,5,54.0
4764,94,8,53.95
3787,97,9,53.95
1803,232,9,53.9
4649,451,11,53.86
1000,35,13,53.8
2368,49,8,53.8
2740,181,4,53.8
4200,555,3,53.76
3473,267,6,53.72
2281,64,2,53.7
2080,253,5,53.6
3667,382,9,53.6
2147,48,9,53.6
4711,104,8,53.55
2620,16,8,53.55
2763,320,10,53.54
4513,56,5,53.49
3810,237,6,53.4
1021,53,8,53.4
3401,93,10,53.4
4790,137,11,53.39
4385,43,5,53.38
1580,25,16,53.35
4422,437,6,53.32
3577,232,7,53.3
1138,119,6,53.3
1111,40,11,53.3
4615,427,5,53.3
4341,430,7,53.23
1679,22,11,53.2
4771,369,7,53.2
2908,290,8,53.2
1964,394,10,53.17
2586,65,5,53.1
2527,141,5,53.1
2352,239,6,53.09
4944,88,9,53.05
2064,131,8,53.0
4149,285,9,52.8
1669,133,9,52.74
4950,252,9,52.72
3815,106,9,52.6
3897,129,13,52.5
1378,79,4,52.5
4493,62,10,52.5
3513,123,7,52.5
3249,373,4,52.35
3941,415,3,52.34
2833,138,4,52.3
2576,370,4,52.3
3411,194,8,52.3
2323,368,6,52.3
4115,222,11,52.22
3378,351,9,52.2
2831,358,9,52.2
3387,234,7,52.12
2768,363,7,52.1
4271,376,5,52.04
1101,367,7,52.0
1253,193,6,51.94
2397,87,6,51.94
1485,171,4,51.9
3253,193,4,51.9
2109,63,10,51.9
2890,248,6,51.86
2007,37,6,51.85
4298,158,9,51.85
4856,346,8,51.85
1186,248,9,51.83
3969,300,5,51.8
1546,361,9,51.8
1996,234,10,51.75
4868,242,13,51.7
4465,366,4,51.6
2438,313,4,51.6
1047,143,6,51.6
2390,131,14,51.56
3528,134,12,51.55
4205,311,4,51.5
2345,13,10,51.5
4393,36,5,51.4
1318,95,5,51.3
3860,239,7,51.27
1907,164,5,51.2
3406,68,6,51.2
3493,331,8,51.1
4349,291,8,51.1
1881,76,11,51.05
3662,27,8,51.0
3979,105,4,51.0
3156,150,6,51.0
1869,228,11,51.0
3198,190,5,51.0
1813,394,3,50.9
1077,109,14,50.9
1258,508,6,50.9
3496,99,10,50.9
1705,79,8,50.85
2392,15,7,50.8
3426,66,8,50.8
4822,179,12,50.8
4751,41,6,50.8
1760,341,8,50.8
4911,357,10,50.75
1072,68,4,50.7
2353,242,9,50.7
2797,109,5,50.7
1433,464,4,50.6
4858,318,6,50.6
3235,2,7,50.6
3601,10,8,50.5
3676,67,6,50.49
4210,145,4,50.44
2728,32,5,50.4
3585,162,4,50.4
4304,319,8,50.36
3674,139,11,50.34
2812,387,4,50.3
3267,346,9,50.2
4140,678,6,50.2
4172,83,9,50.15
1421,145,11,50.12
3694,13,11,50.1
3413,98,10,50.1
4085,92,10,50.1
1078,63,7,50.0
1732,215,7,50.0
4331,111,6,50.0
4355,39,9,50.0
3886,42,10,50.0
3729,31,8,49.94
3259,119,9,49.92
4265,18,10,49.9
4605,68,6,49.9
2742,81,9,49.85
1980,76,10,49.83
1812,77,4,49.8
2838,50,7,49.8
1529,196,7,49.7
2450,152,6,49.7
1935,489,11,49.6
1316,279,6,49.6
4413,80,7,49.5
3726,218,6,49.5
1434,397,8,49.5
3807,65,6,49.5
1746,77,10,49.5
3916,87,6,49.5
1423,443,6,49.46
4599,616,4,49.4
3828,198,9,49.4
2984,309,11,49.4
3209,2,11,49.4
2009,80,6,49.4
3264,269,10,49.35
2143,158,7,49.3
2594,223,8,49.3
1502,60,7,49.3
2522,509,8,49.3
4342,287,10,49.3
2827,60,8,49.22
2682,29,11,49.2
1147,409,6,49.2
4460,171,8,49.15
3611,320,7,49.15
4273,199,8,49.1
1158,74,11,49.1
2378,259,4,49.0
2126,612,2,49.0
3397,313,6,48.9
1568,661,4,48.9
4216,246,11,48.9
3939,323,5,48.89
4229,132,8,48.8
1009,86,9,48.75
3923,337,8,48.74
1260,452,4,48.74
4651,192,8,48.7
4849,227,7,48.64
1818,111,10,48.6
1631,138,5,48.6
1752,255,10,48.6
1499,51,10,48.5
3307,85,11,48.5
4848,77,6,48.5
3622,2,10,48.4
2411,618,6,48.4
1134,391,7,48.4
4702,52,7,48.39
3980,105,11,48.3
3096,130,7,48.3
1431,53,9,48.3
2516,152,8,48.3
3112,225,8,48.2
3940,296,4,48.2
2753,113,8,48.2
2062,99,8,48.11
4903,22,8,48.1
1040,34,11,48.1
4094,275,10,48.1
3989,438,6,48.1
3618,449,4,48.1
3759,113,9,48.02
1604,49,8,48.0
4171,210,8,47.9
4815,705,2,47.9
2295,2,10,47.9
4887,413,6,47.9
4374,467,4,47.7
1872,128,10,47.7
3302,222,6,47.7
4542,346,6,47.7
2016,137,4,47.6
1387,578,6,47.46
1897,339,8,47.4
4644,127,6,47.4
4055,645,3,47.4
2039,99,4,47.4
4539,296,9,47.3
2002,71,7,47.3
4017,56,8,47.3
3263,531,7,47.3
3563,35,8,47.3
1801,201,11,47.3
1848,177,8,47.25
1605,177,11,47.1
1280,140,8,47.1
3178,22,12,47.1
2670,245,6,47.1
1261,223,8,47.05
4185,348,6,47.0
3065,367,7,46.95
1458,128,7,46.9
4462,206,12,46.9
2859,322,4,46.9
4841,13,11,46.9
1799,94,9,46.82
3630,159,4,46.8
4713,336,6,46.8
3445,90,6,46.7
2480,101,13,46.7
2922,4,6,46.7
3195,175,6,46.7
1262,526,6,46.6
4731,270,6,46.6
4738,137,6,46.5
2709,132,11,46.45
2485,226,7,46.45
4847,330,9,46.42
3283,181,9,46.4
1359,580,4,46.4
1569,589,8,46.4
4259,189,12,46.37
4361,116,8,46.25
3546,38,8,46.2
2427,187,9,46.15
4480,566,5,46.06
3003,601,6,46.04
3892,163,5,46.0
3648,211,3,46.0
1589,490,4,46.0
4408,254,9,45.92
2082,37,10,45.9
3212,256,4,45.9
4798,39,8,45.84
2818,38,6,45.8
3125,451,4,45.8
1842,310,6,45.8
2655,182,5,45.76
4069,241,11,45.7
3076,22,4,45.7
3011,191,11,45.7
3455,42,8,45.7
3512,43,4,45.7
2455,360,4,45.7
2228,214,4,45.66
2183,366,7,45.6
1538,30,6,45.55
1770,41,10,45.52
3502,477,11,45.52
3966,212,11,45.52
3487,431,12,45.5
1490,87,4,45.5
3381,390,4,45.5
3151,96,6,45.45
3159,333,7,45.44
3801,68,9,45.4
3060,178,7,45.4
4917,393,6,45.4
4839,11,8,45.34
1873,102,6,45.3
2941,88,12,45.3
1686,594,7,45.3
4956,405,8,45.3
3344,273,12,45.2
3351,77,6,45.2
4516,23,7,45.2
1405,305,6,45.2
3965,365,8,45.15
1548,455,6,45.1
2566,333,3,44.92
3541,652,4,44.9
1909,121,7,44.8
4048,236,9,44.75
4270,325,6,44.72
4034,47,6,44.7
4553,200,7,44.7
4626,6,7,44.7
2003,37,6,44.7
2113,114,8,44.6
4452,37,4,44.6
4774,167,4,44.5
1714,150,5,44.4
3303,339,8,44.4
4854,372,8,44.35
1425,97,10,44.32
3795,347,8,44.3
2156,145,9,44.2
1965,148,4,44.2
1388,271,7,44.2
4415,337,8,44.2
3423,211,8,44.2
1393,491,7,44.15
4090,307,6,44.12
3191,0,5,44.09
4488,379,6,44.0
4874,7,5,43.95
3458,139,10,43.9
3755,93,6,43.9
1054,70,9,43.9
2644,588,7,43.9
2177,454,6,43.85
4397,186,11,43.84
2981,27,9,43.8
4278,545,4,43.8
3318,162,4,43.8
4339,405,6,43.76
4329,433,7,43.75
1590,137,6,43.7
3217,285,6,43.6
2642,273,7,43.6
2619,371,7,43.56
3341,15,5,43.52
4818,285,8,43.5
3767,207,9,43.5
1184,197,5,43.5
2962,248,9,43.45
2608,102,8,43.4
1135,173,10,43.37
1950,49,10,43.35
2545,42,12,43.35
3331,158,8,43.24
1877,456,11,43.22
2538,156,7,43.2
3169,181,6,43.2
4668,332,6,43.2
4070,156,6,43.1
1382,92,6,43.0
1730,5,8,43.0
4290,482,7,42.85
2278,142,6,42.84
3142,485,11,42.8
2588,2,5,42.8
1025,133,6,42.62
4978,711,2,42.6
4895,114,11,42.6
4300,270,8,42.6
4046,366,9,42.42
3977,258,6,42.4
4647,316,4,42.4
3061,25,8,42.35
3532,218,6,42.3
1805,204,7,42.3
1990,151,6,42.2
1936,137,6,42.2
2627,60,8,42.2
3250,262,5,42.1
4502,38,9,42.04
4484,33,6,41.92
1977,352,3,41.9
4850,168,4,41.9
1635,35,6,41.86
4407,314,6,41.85
3359,523,5,41.82
4021,425,6,41.8
4001,192,8,41.7
2674,483,6,41.7
2324,134,6,41.6
1667,352,2,41.6
3043,359,2,41.4
4971,227,6,41.4
2886,383,4,41.4
1775,80,2,41.4
2593,443,6,41.32
2721,142,6,41.3
4282,190,4,41.2
2027,447,5,41.2
2179,258,4,41.15
2486,35,5,41.15
1728,137,7,41.1
1570,285,5,41.0
1383,310,6,41.0
3118,1,7,41.0
2168,35,7,40.95
3039,32,10,40.95
1323,57,8,40.9
1530,445,5,40.9
1840,367,5,40.9
4083,502,2,40.9
1738,455,8,40.85
1282,42,10,40.7
1236,233,5,40.6
2206,74,7,40.5
1511,283,4,40.42
2155,414,8,40.4
3564,179,8,40.3
2949,577,5,40.26
1104,64,10,40.25
4401,447,9,40.2
3075,76,6,40.2
3464,548,4,40.2
3074,261,5,40.14
2173,141,4,40.1
2479,351,10,40.05
2913,179,4,40.03
3016,29,7,40.0
3514,382,4,40.0
4318,489,6,39.95
4196,53,10,39.9
3291,150,4,39.9
2263,181,2,39.9
2704,42,6,39.8
1650,551,6,39.8
4311,389,5,39.8
1263,437,4,39.8
4955,385,6,39.8
4250,431,4,39.76
1985,34,8,39.75
1099,139,6,39.7
4168,392,4,39.7
4758,389,9,39.7
4428,129,6,39.7
1919,134,4,39.6
1672,84,6,39.6
2101,10,11,39.6
4888,320,6,39.55
3233,430,2,39.5
4727,39,10,39.5
4287,146,6,39.5
2572,217,2,39.4
4020,263,5,39.4
2301,6,9,39.35
3533,495,2,39.3
3854,286,8,39.22
1448,286,4,39.1
2190,80,6,39.1
1720,25,7,39.04
1244,400,8,39.02
1942,441,4,39.0
3092,6,6,39.0
2626,508,7,39.0
1058,50,8,38.9
4724,118,4,38.9
1657,597,6,38.9
3712,10,8,38.82
4167,115,6,38.75
1854,157,6,38.7
1666,259,4,38.7
1418,393,7,38.7
1858,249,5,38.7
4014,45,8,38.66
2967,327,6,38.65
1575,360,10,38.62
2123,572,3,38.6
1927,229,6,38.6
3150,506,6,38.59
2313,315,5,38.54
3888,17,4,38.42
2283,346,7,38.42
4551,155,4,38.4
1809,429,6,38.4
2611,366,7,38.35
3441,262,6,38.3
1585,357,8,38.3
2461,87,5,38.3
2667,197,5,38.29
1828,281,9,38.25
3278,396,4,38.2
1181,44,8,38.2
2095,92,6,38.2
4458,649,6,38.2
3352,52,7,38.2
4677,76,7,38.2
2791,404,2,38.1
2892,405,5,38.0
4701,244,8,37.95
3561,367,8,37.9
1701,227,2,37.9
3143,220,6,37.9
2476,26,10,37.85
1694,455,6,37.8
4063,48,9,37.8
2546,237,5,37.8
2187,136,6,37.75
3929,54,9,37.74
2737,369,6,37.73
4640,96,9,37.69
4176,239,7,37.66
2951,8,7,37.65
1539,94,5,37.6
2778,549,9,37.59
1376,183,7,37.58
4174,438,4,37.5
4534,441,4,37.5
3335,481,4,37.5
2770,168,5,37.5
4810,137,4,37.4
3305,189,6,37.34
4696,134,7,37.2
1555,278,2,37.2
2739,102,4,37.2
4051,336,6,37.1
2343,214,9,37.1
4317,643,4,37.1
1409,155,6,37.06
3553,212,6,37.05
4079,101,6,37.0
4934,60,8,37.0
1627,263,9,37.0
3578,228,6,36.96
2634,252,5,36.9
1573,343,6,36.9
4139,34,6,36.9
1545,74,7,36.8
2858,493,3,36.8
4763,63,8,36.8
1374,147,11,36.8
2714,290,2,36.7
4830,372,8,36.7
4663,621,6,36.65
4614,67,10,36.6
1941,105,5,36.6
4882,60,4,36.6
2788,118,9,36.6
1914,209,7,36.55
2067,140,9,36.54
1830,348,4,36.5
1173,69,9,36.5
3753,367,6,36.5
4368,79,8,36.4
2060,157,5,36.4
1389,315,8,36.3
2895,138,3,36.3
3085,172,4,36.2
3628,516,6,36.16
4863,0,4,36.1
2673,20,8,36.1
3218,567,5,36.1
4960,133,9,36.0
3659,192,8,35.96
3403,623,7,35.92
3477,531,3,35.9
2888,10,9,35.9
1508,45,8,35.9
1874,154,9,35.9
4209,519,4,35.8
3800,325,6,35.8
2098,436,7,35.8
1607,444,6,35.76
1042,75,6,35.75
3974,194,6,35.7
2537,77,8,35.6
2995,315,5,35.59
2280,353,4,35.5
4635,75,8,35.5
1596,169,10,35.45
1364,152,8,35.4
2585,291,10,35.4
3955,37,6,35.4
4087,126,5,35.3
2046,131,5,35.25
3738,0,10,35.2
1154,227,9,35.2
1617,275,9,35.1
3057,532,5,35.1
3792,518,4,35.1
4857,155,4,35.1
1463,6,6,35.1
2377,258,5,35.0
1563,612,5,35.0
3638,207,4,35.0
1487,423,7,34.9
1105,222,6,34.8
2423,517,4,34.8
1453,404,4,34.8
1201,401,4,34.8
2520,24,6,34.77
3901,395,4,34.7
4354,348,4,34.7
1916,44,7,34.65
1145,84,6,34.6
1149,18,7,34.6
1117,220,3,34.6
1571,220,8,34.5
2094,602,6,34.44
1196,33,8,34.42
4861,108,6,34.4
1879,417,8,34.4
1709,252,4,34.4
2253,162,6,34.3
3461,187,6,34.3
3417,15,8,34.3
4974,420,4,34.24
3135,157,6,34.22
1645,451,5,34.2
4682,227,6,34.2
2926,52,7,34.15
4943,155,6,34.1
3871,152,7,34.1
4581,271,6,34.0
1771,282,6,34.0
3319,43,5,34.0
2429,184,4,33.96
3199,6,2,33.9
1368,168,2,33.9
3725,466,4,33.9
3720,216,8,33.9
3914,356,6,33.82
3317,184,7,33.71
4033,207,6,33.7
3475,16,10,33.7
2318,348,6,33.7
2677,7,6,33.6
2970,0,7,33.6
3332,333,5,33.55
3876,88,6,33.5
2662,390,6,33.4
3695,174,8,33.4
3056,137,4,33.4
2725,702,4,33.4
2605,487,6,33.35
2275,150,4,33.32
2114,54,6,33.3
2258,437,7,33.3
2347,337,4,33.3
2030,117,7,33.22
4905,35,2,33.2
3131,392,4,33.2
3242,221,8,33.1
4400,19,6,33.02
4998,77,2,33.0
3211,91,4,33.0
1232,182,7,33.0
2199,576,4,33.0
1122,9,6,33.0
4670,80,7,32.9
3521,166,8,32.9
4811,58,7,32.9
1861,140,5,32.9
4518,163,5,32.8
3367,671,2,32.8
4327,248,5,32.76
2088,324,5,32.7
3964,659,5,32.7
1459,165,4,32.66
1633,143,6,32.62
2384,362,6,32.6
1219,454,4,32.6
3747,309,5,32.6
1593,144,7,32.6
2057,47,5,32.54
1317,522,6,32.54
4570,130,6,32.5
3820,522,6,32.5
2919,183,4,32.5
2013,122,7,32.45
4047,299,4,32.44
4533,223,6,32.4
3885,76,5,32.4
1727,165,6,32.4
2856,131,4,32.4
3641,3,6,32.3
2036,490,6,32.3
3908,173,4,32.3
3425,380,6,32.3
2053,100,8,32.2
1057,570,8,32.15
2651,475,4,32.12
1577,289,2,32.1
2006,22,4,32.0
3449,31,8,32.0
1408,160,7,31.9
2845,90,4,31.9
2603,550,4,31.86
4145,263,6,31.84
3992,410,4,31.75
1085,137,7,31.74
4575,20,8,31.74
2966,399,6,31.7
3565,624,3,31.54
3152,36,4,31.5
3326,244,4,31.5
4081,71,6,31.44
3019,11,5,31.4
4913,151,7,31.4
3945,87,6,31.4
3710,130,8,31.3
3791,280,4,31.2
4674,578,6,31.2
1164,275,5,31.1
2887,347,4,31.1
1429,326,5,31.1
4936,290,4,31.1
3805,468,6,31.1
3890,65,9,31.1
2141,297,9,31.0
3172,304,7,31.0
2174,468,7,30.8
3069,265,6,30.8
3147,6,5,30.75
2451,458,7,30.65
1121,655,2,30.62
2214,345,4,30.6
3550,377,8,30.6
3188,24,6,30.59
1189,544,4,30.55
4481,467,4,30.5
2631,94,7,30.5
4625,267,5,30.5
3196,56,5,30.44
3004,323,4,30.35
2329,168,4,30.3
4332,36,4,30.25
2335,160,5,30.2
3852,273,7,30.1
4802,507,2,30.0
3073,347,5,30.0
1920,317,6,30.0
1662,201,5,30.0
1447,573,3,30.0
1665,31,6,30.0
2468,292,8,29.8
2259,562,7,29.75
1470,567,2,29.7
4907,253,5,29.7
2954,208,7,29.5
2577,66,8,29.45
3313,266,6,29.4
2733,161,6,29.3
4983,382,6,29.22
1683,132,5,29.2
4801,148,5,29.2
4927,72,5,29.2
2798,130,8,29.2
1598,303,7,29.2
2734,275,3,29.14
3825,702,2,29.14
4479,323,9,29.1
1166,575,4,29.1
4995,576,4,29.0
2862,144,6,28.98
3636,230,8,28.9
3542,172,4,28.9
3018,186,6,28.8
1272,521,2,28.8
4729,266,6,28.74
2881,577,4,28.65
4639,403,2,28.6
4979,250,7,28.6
3177,438,4,28.6
2308,476,6,28.6
4136,141,6,28.6
1841,234,4,28.6
4996,36,10,28.5
4552,74,8,28.5
3494,179,7,28.45
1192,355,5,28.4
4714,122,4,28.4
4611,125,5,28.3
3047,114,5,28.3
2976,211,5,28.21
2220,148,6,28.2
3870,284,6,28.2
3448,460,2,28.2
2541,474,6,28.2
3722,516,6,28.2
3366,376,4,28.1
4595,145,4,28.1
3391,9,2,28.0
2774,63,7,27.96
3404,23,4,27.94
3244,40,6,27.9
3012,101,6,27.9
3569,419,6,27.8
4242,21,7,27.76
3707,187,4,27.75
1531,345,4,27.7
2931,543,3,27.7
2227,193,5,27.7
4948,586,4,27.6
4829,57,5,27.4
1640,662,4,27.4
3386,330,8,27.4
4409,349,7,27.34
3008,539,5,27.3
3078,120,5,27.3
2192,323,5,27.3
3826,612,2,27.24
2615,580,4,27.2
4189,110,6,27.1
2084,137,4,27.1
4241,454,6,27.1
4866,131,6,27.1
2686,375,4,27.0
2334,668,5,27.0
1334,206,5,27.0
1238,304,2,27.0
3451,121,8,27.0
2658,75,7,26.9
2853,408,5,26.9
2477,209,7,26.9
3711,175,4,26.85
2828,697,2,26.8
1255,460,2,26.8
1769,0,5,26.8
1685,134,8,26.7
1344,117,6,26.5
4987,357,7,26.4
2473,182,6,26.4
1112,265,4,26.36
4884,699,2,26.3
1794,104,5,26.3
2342,376,4,26.3
2285,14,4,26.2
2398,356,7,26.2
4900,455,4,26.1
3269,84,5,26.1
1200,95,8,26.05
3231,274,5,26.0
4517,430,2,26.0
4985,4,8,25.97
1972,211,5,25.9
1586,607,6,25.9
1445,607,6,25.8
4027,184,4,25.8
3788,317,2,25.8
1610,218,6,25.7
1284,485,4,25.6
3739,146,7,25.6
1159,199,6,25.45
1132,99,10,25.44
1044,66,4,25.4
3288,248,6,25.4
1876,197,2,25.3
3293,235,7,25.3
4186,66,3,25.3
3708,118,7,25.2
3001,6,4,25.2
4315,248,7,25.2
2621,459,4,25.2
1960,355,4,25.2
2776,595,4,25.14
4141,48,3,25.1
1338,506,5,25.1
3632,451,4,25.0
2866,623,2,25.0
4902,258,6,25.0
4052,253,5,24.82
2322,683,4,24.8
4143,663,4,24.7
3836,24,6,24.7
4237,589,2,24.7
2752,81,2,24.7
1273,240,4,24.6
3032,208,4,24.55
4005,596,4,24.5
3602,429,5,24.5
1707,204,4,24.5
3432,270,4,24.5
4870,547,6,24.4
4791,671,4,24.4
1352,667,2,24.4
4225,236,6,24.4
1786,323,6,24.3
1357,115,6,24.3
2820,401,2,24.2
2216,43,2,24.2
4436,7,2,24.1
3238,545,8,24.0
1156,108,2,24.0
1005,706,4,24.0
4123,16,4,24.0
2050,185,4,23.9
3372,673,2,23.8
1048,73,6,23.8
1481,209,4,23.8
4425,74,2,23.7
4383,393,4,23.7
4621,642,2,23.7
1369,394,8,23.6
3434,203,5,23.52
1167,317,4,23.5
4429,162,3,23.5
2822,12,4,23.48
4844,310,2,23.4
4535,25,7,23.4
1975,95,4,23.3
1594,341,6,23.3
4560,180,4,23.2
4964,30,4,23.15
1299,210,8,23.1
3383,412,6,23.1
4612,244,4,23.1
2767,337,5,23.1
2501,112,4,23.0
4031,73,7,23.0
2457,382,6,23.0
3568,74,8,22.85
2198,507,2,22.8
4333,182,2,22.8
1891,543,6,22.8
2140,0,6,22.7
1292,67,4,22.7
1790,276,4,22.7
2609,126,5,22.6
2015,232,4,22.6
1886,28,4,22.56
1193,48,4,22.56
4347,298,4,22.5
4184,15,8,22.5
2567,526,2,22.4
3540,300,7,22.4
1119,329,2,22.4
2801,446,8,22.35
4093,478,4,22.3
3336,279,2,22.2
4984,248,7,22.15
2722,412,4,22.1
3052,179,5,22.05
4307,543,2,21.96
4658,169,8,21.9
4522,226,8,21.9
1871,381,2,21.9
5000,323,7,21.8
1464,210,5,21.8
3146,551,4,21.8
1944,121,4,21.7
3314,504,2,21.6
3958,56,6,21.6
3906,197,4,21.6
3286,7,4,21.6
4483,137,4,21.53
2985,215,6,21.5
2848,45,4,21.4
3538,304,6,21.3
4497,206,4,21.2
3555,442,3,21.2
2180,377,5,21.1
3037,310,5,21.1
2526,75,4,21.1
2414,574,2,21.0
1300,482,2,21.0
3734,116,5,21.0
4520,647,6,21.0
4689,114,7,20.9
1556,578,2,20.9
1957,333,4,20.8
4980,492,2,20.75
1068,182,4,20.7
3466,386,7,20.7
2493,145,5,20.7
1695,329,2,20.6
2021,352,2,20.6
2121,422,4,20.6
2539,45,4,20.6
2987,623,2,20.6
2103,294,2,20.55
1455,287,2,20.4
2748,637,2,20.4
3991,545,2,20.16
3536,635,3,20.1
1681,542,6,20.1
1437,137,4,20.05
4181,479,3,20.0
1257,470,4,20.0
3155,464,2,20.0
1845,145,7,20.0
2490,12,6,19.92
1066,566,6,19.92
2161,462,4,19.92
3654,14,5,19.8
3626,567,4,19.8
3197,669,3,19.8
1462,462,4,19.7
2898,525,7,19.7
3933,393,4,19.62
3230,350,2,19.6
2372,118,6,19.6
4642,27,4,19.57
2710,77,4,19.5
2852,205,2,19.5
3883,86,4,19.5
4118,6,2,19.4
4010,1,6,19.4
4135,598,4,19.4
2607,405,4,19.3
1350,483,6,19.2
2463,4,6,19.2
2219,257,6,19.2
4803,365,6,19.0
4920,312,4,19.0
2112,572,4,19.0
4451,402,2,18.9
3606,414,2,18.9
2844,223,2,18.8
1880,106,4,18.8
4792,163,4,18.7
4930,504,3,18.7
3715,233,7,18.7
1700,61,4,18.64
2998,169,5,18.6
3566,16,4,18.6
3598,259,4,18.5
3887,462,3,18.44
3087,368,6,18.4
2675,106,7,18.2
2487,174,4,18.1
4737,102,2,18.0
2731,263,4,18.0
2075,344,6,18.0
4208,695,2,18.0
2628,393,2,18.0
3395,133,4,17.9
1080,230,5,17.8
1402,442,4,17.8
3834,591,5,17.76
4918,337,5,17.7
4775,641,3,17.6
4490,708,4,17.6
4587,586,2,17.6
4379,90,4,17.6
1137,95,6,17.6
3130,242,6,17.5
2330,420,4,17.4
3845,102,2,17.4
1247,452,4,17.4
1313,5,2,17.3
3580,36,4,17.2
3970,423,2,17.2
1071,460,3,17.1
4491,468,2,17.1
3234,136,2,17.1
2153,381,4,17.09
4279,702,2,16.9
1755,574,4,16.9
4158,4,4,16.85
2145,18,5,16.8
1059,564,5,16.8
1471,496,4,16.8
1222,97,4,16.8
1496,613,2,16.8
1046,189,4,16.7
3408,55,6,16.7
3272,192,4,16.65
3634,20,5,16.6
1228,310,3,16.6
4032,142,4,16.6
3501,156,4,16.6
1630,222,4,16.5
3968,48,5,16.4
3064,362,4,16.4
4973,581,3,16.4
4885,75,2,16.4
1029,291,2,16.35
1439,139,3,16.3
1933,435,2,16.2
4961,423,2,16.2
2894,291,2,16.0
1537,332,5,16.0
1124,494,4,15.9
3482,518,7,15.8
4435,389,8,15.7
3994,393,2,15.7
4630,549,2,15.7
3652,103,4,15.7
4730,399,4,15.6
2992,51,3,15.6
1558,268,2,15.4
3000,495,2,15.4
4528,78,4,15.4
1096,155,2,15.3
3706,408,2,15.3
2354,497,6,15.3
4949,134,2,15.2
4846,391,5,15.0
1267,594,2,15.0
2720,552,2,14.9
2808,239,6,14.8
1187,18,7,14.77
1860,522,4,14.7
3173,158,2,14.6
2953,360,3,14.6
1321,261,5,14.6
4514,531,2,14.6
2773,579,2,14.5
3605,269,3,14.5
4378,240,4,14.5
4904,389,2,14.5
1745,648,2,14.4
3377,488,2,14.4
3624,597,2,14.4
3105,627,2,14.2
4454,7,3,14.1
3993,315,3,13.9
1673,631,2,13.9
3108,645,4,13.85
2197,542,2,13.8
3103,385,4,13.8
3889,372,5,13.8
3981,5,4,13.7
1401,215,4,13.6
4994,325,2,13.5
4795,153,2,13.5
1436,304,2,13.49
2826,482,2,13.4
2442,674,2,13.4
1519,428,2,13.4
4653,416,4,13.4
2963,582,4,13.2
4739,391,4,13.2
2012,276,4,13.2
1915,145,4,13.0
4496,341,2,13.0
3995,187,4,13.0
2637,468,4,12.9
1898,414,2,12.8
2968,74,2,12.64
4043,343,2,12.6
2456,655,2,12.5
2292,280,2,12.4
3097,142,2,12.4
1310,403,4,12.4
3418,292,4,12.4
3943,636,2,12.3
3163,366,4,12.1
3453,14,4,12.1
2116,123,4,12.1
3932,602,2,12.1
4945,150,2,12.0
3733,512,4,12.0
4805,78,4,12.0
1643,246,4,12.0
3216,321,4,12.0
3350,586,4,11.9
1397,9,2,11.8
3454,13,2,11.8
1721,76,6,11.8
3174,324,4,11.8
4309,106,4,11.7
4248,447,2,11.7
1826,376,2,11.7
2008,70,6,11.65
4824,559,2,11.6
3333,311,4,11.6
1579,563,2,11.5
2878,421,4,11.5
3240,363,4,11.4
2417,422,2,11.4
3098,117,4,11.4
4423,673,2,11.4
4562,419,4,11.4
3436,278,2,11.4
1956,716,2,11.3
3607,676,2,11.2
1963,0,2,11.1
2889,344,2,11.1
2474,324,2,11.0
4011,489,2,11.0
1762,182,4,11.0
3290,215,2,10.9
2911,169,4,10.85
1036,709,2,10.8
1266,490,2,10.8
1415,367,4,10.8
4707,322,4,10.7
1925,575,2,10.7
3007,393,4,10.7
3610,470,4,10.6
4530,109,4,10.6
2558,140,2,10.6
3179,284,2,10.5
2350,579,4,10.5
1177,77,4,10.45
3376,722,3,10.3
2024,527,4,10.25
2988,77,2,10.2
4365,313,4,10.1
1688,50,2,10.1
2373,495,2,10.1
4521,106,2,10.0
3576,594,2,10.0
1180,493,4,9.9
4755,3,3,9.9
3422,521,2,9.8
4982,151,3,9.6
4590,498,2,9.6
1469,489,2,9.5
4072,138,2,9.4
3944,361,3,9.4
3134,206,2,9.4
1089,390,2,9.3
2425,313,4,9.1
2614,188,2,9.0
2841,10,2,9.0
3796,207,2,9.0
2136,323,2,9.0
4472,445,2,9.0
3243,727,2,8.9
3373,6,4,8.8
4506,141,2,8.7
2096,339,2,8.6
3126,393,2,8.5
4099,337,5,8.5
2717,727,2,8.4
3700,255,3,8.4
4703,436,2,8.2
1063,341,4,8.1
2387,659,2,8.1
2759,156,2,8.0
3777,672,2,7.9
3136,611,2,7.9
3823,385,2,7.9
3080,683,2,7.85
3412,338,4,7.8
3874,529,2,7.8
1400,445,2,7.8
4834,247,2,7.8
2783,274,2,7.8
1227,601,2,7.7
1744,93,4,7.65
3714,571,4,7.65
1989,112,2,7.6
1084,621,2,7.6
2684,353,3,7.5
2735,212,2,7.4
3093,292,2,7.32
3771,374,2,7.3
3510,362,2,7.3
1375,80,2,7.2
4151,58,2,7.2
3301,249,2,7.1
3270,229,2,6.9
2482,708,3,6.9
4447,243,2,6.8
4631,673,2,6.8
3631,474,2,6.8
4188,497,2,6.72
1976,77,3,6.7
3431,517,2,6.6
2591,385,4,6.6
1251,34,3,6.6
4889,330,3,6.4
2304,182,2,6.4
1243,721,2,6.0
2302,700,2,6.0
2297,304,2,5.92
1642,458,2,5.9
3239,33,2,5.9
3478,272,2,5.8
4366,139,2,5.7
3124,265,3,5.7
4247,727,2,5.6
3824,321,2,5.4
2296,566,2,5.35
2213,492,2,5.3
3345,91,2,5.2
2497,511,2,4.9
4142,43,2,4.9
2640,252,2,4.8
4062,398,2,4.6
4419,7,2,4.6
3362,578,2,4.6
4386,113,2,4.5
3490,174,2,4.4
2248,288,2,4.4
1592,397,2,4.4
2668,394,2,4.2
3503,31,2,4.1
1626,315,2,4.1
3858,278,2,4.0
3723,291,2,3.9
3990,593,2,3.7
3780,674,2,3.7
1093,277,2,3.65
1414,220,2,3.4
4023,343,2,3.4
3625,439,2,3.4
4816,152,2,3.2
4029,429,2,3.2
1314,481,2,2.9
4926,405,2,2.9
1039,213,2,2.7
3162,207,2,2.6
4565,0,2,2.2
3949,273,2,2.1
1560,593,2,1.9
1221,410,2,1.7
1250,448,2,1.3
